Name	Reference_allele
22:50301488_C/T	C
22:50301494_G/A	G
22:50301584_C/T	C
22:50301622_C/T	C
22:50301957_C/CT	C
22:50302021_CA/C	CA
22:50303006_A/G	A
22:50303554_T/C	T
22:50303569_C/T	C
22:50303666_G/A	G
22:50303705_G/A	G
22:50304086_A/G	A
22:50304136_G/A	G
22:50304166_T/C	T
22:50304232_C/T	C
22:50307162_C/T	C
22:50307229_CA/C	CA
22:50307236_A/C	A
22:50307282_G/A	G
22:50307386_G/A	G
22:50310878_G/GC	G
22:50310881_TC/T	TC
22:50311076_TG/T	TG
22:50311473_A/AT	A
22:50313791_C/T	C
22:50313930_G/C	G
22:50315386_A/G	A
22:50316016_G/A	G
22:50316073_A/G	A
22:50316227_G/A	G
22:50316288_G/A	G
22:50316364_C/T	C
22:50316571_GAGGT/G	GAGGT
22:50317001_G/GCACT	G
22:50317980_G/A	G
22:50318079_G/A	G
22:50319231_C/T	C
22:50320853_C/T	C
22:50320994_C/T	C
22:50321960_G/GGC	G
22:50325392_CTTTAGATG/C	CTTTAGATG
22:50325936_TTTTA/T	TTTTA
22:50327185_C/CT	C
22:50327187_CCT/C	CCT
22:50333919_T/TTTTC	T
22:50333920_T/TTTC	T
22:50333921_T/TTC	T
22:50333922_T/TC	T
22:50335661_AGT/A	AGT
22:50336232_ATGAG/A	ATGAG
22:50336568_G/GT	G
22:50338589_A/AG	A
22:50338639_TC/T	TC
22:50338686_TC/T	TC
22:50338781_TC/T	TC
22:50339365_G/GT	G
22:50346053_CG/C	CG
22:50346279_GAACA/G	GAACA
22:50346291_G/GT	G
22:50346318_C/CCA	C
22:50349359_CG/C	CG
22:50351502_TCCCGCA/T	TCCCGCA
22:50355407_C/T	C
22:50356051_TC/T	TC
22:50356293_G/C	G
22:50356313_G/C	G
22:50356368_C/T	C
22:50356497_G/A	G
22:50356503_G/A	G
22:50356506_C/G	C
22:50356658_G/A	G
22:50356731_C/T	C
22:50356811_G/T	G
22:50358368_GGT/G	GGT
22:50360220_CAG/C	CAG
22:50364310_GCA/G	GCA
22:50364311_CAT/C	CAT
22:50415827_TTTTC/T	TTTTC
22:50415832_TTTC/T	TTTC
22:50415834_TC/T	TC
22:50415918_CA/C	CA
22:50416854_CATT/C	CATT
22:50418317_AAT/A	AAT
22:50418318_AT/A	AT
22:50418978_C/CA	C
22:50419520_CT/C	CT
22:50421569_TGC/T	TGC
22:50421897_A/AGCCCTCGC	A
22:50422411_GCCCTCCCCC/G	GCCCTCCCCC
22:50423005_T/TG	T
22:50424881_ATG/A	ATG
22:50425577_A/AT	A
22:50425603_TCA/T	TCA
22:50425616_C/CAT	C
22:50425652_T/TA	T
22:50427821_CAG/C	CAG
22:50429184_GC/G	GC
22:50429398_C/CA	C
22:50430126_G/GT	G
22:50435448_G/C	G
22:50435723_G/A	G
22:50435733_C/T	C
22:50435764_C/T	C
22:50436211_T/C	T
22:50436215_A/G	A
22:50436553_A/C	A
22:50436571_G/A	G
22:50436604_G/C	G
22:50436756_G/A	G
22:50437711_G/T	G
22:50437747_G/C	G
22:50437784_G/C	G
22:50437814_T/A	T
22:50437830_G/A	G
22:50437841_A/T	A
22:50438279_T/C	T
22:50438918_T/C	T
22:50439311_C/T	C
22:50439496_G/A	G
22:50439631_G/A	G
22:50442517_G/GT	G
MERGED_DEL_2_107112	CTAGCACTTTGGGAGGCCGAGGAGGGCAGATCACCAGAGGTCAGGGGTTCGAGACCAGCCTGGCCAACATGGTGAAACCCTGTCTCTACTAAAAATACAAAAATTTGCCAGGTGTGGTGGTACACACCTGTAGTCCTAGCTACTCGGGAGGCTGAGGTAGGAGAGGAAGGGAGGCAGAGGTTGCAGTGAGAAGAGATCATGCCACTGCACTCCAGCCTGGATGACAGAGCAAGACTCCATCTCAAAAAAAAAAAGACAACCTCCTTTATGCAAGAAATGAGAAATCTGCATCTTTTGACCCTTTCTAGAAAAAAGACAAAGACTTATTCCAGGCAACCAAGAAAGAATCAAAACCAGAAAGTAAAAAAAAAAAAAAAAAAAAAAGGTGAAGCCACGGAGGAGAAGGACTCACGGTGAGCAAGGAAAATGAGGACATATACAGAGTTAGTGAAACGGGCGCAGGAGGAGAAGCTGCTCATTGTGAAATAAAATGTATAAAAATAAGAACAGGATCTTGTCCCAACTAAGCTGACAAAATGAAGAGGAGGCTGTGTAGAAGGAAGGGTGAGTAAAGCAGAAACACACAAGATTAGTGTGGTACAAAACAGAATTCATTGTTACTGTGTGGAAAAAACTGTGAAACTACAATTCATCATAAACACTTAGCAATAAATATGTTTTGCCTTATTCAAAATAAGGCATAAAAATAATATCCACAGAGTCTTACTGAAAAAACGCCTAACAGATGTGCTTGCTTCAGGAAGGAGAAGGGAGCTCAACAGGAACAAGTGGGTTACAGAAAGGAGCAGCGAGGAGCAGGGAATGGGAAAACACGATGGGGAATTGGGAATTCAAGCTGGTGTTGACAGAGGAGGAGGCTGAGGACAACTCTGTGTGTTTAAAAATACCTGGGCCGGGCGCGGTGGCTCACGCCTGTAATCCCAGCACTTCGGGAGGTCGAGGCGGGCGGATCACTTCGGGTCAGGAGTTCGAGACCAGCCTGGCCAACATGGTGAAACCCCGTCTCTGCTAAAAATACAATGATTAGCTGGGCATGGTGCTGCTGGGCGCCTGTAATTCCAGCTACTTGAGAGGCTAAGGCAGGAGAATCCCTTGAATCCGGGAGGCGGAAGTTGCAGTGAGCCGAGATTGCGCCACTGTACTCCAGCCTGGGCAACAAAGCGAGACCTTGTCCCCCTACCCCCCAGAAAATAAAAAAATAAAATATACCAAAAATAAAAATAAAAACACCCTGGGACTACACTTCCCTCATATGGGAGACCCGGCCATTTGCACCAACTCAACTGCTGAAAAGTACCAATTGGGCTGGAGAAAAAAACATATGTTTTTTTAAAAACCTTCCTAGAAACGTAGGAGAGCTGCGAAAATAATCAGGATGGGGGTGCTGAGGAAAGCAGGGCGTAGGAGGTTGCTTTACAGGGGTGGAGGATGGAGGGAACGTTTCCAACCCAGTGGGAGCTGAGGGCTTTGTGGGGAGGCCCCAGCACATGGTGAGGAAGAACTTCCCCACGTTGAGCTAGGCCTTGACCTGGGTTAGCCAGAGCTGGACCAACCCTCTCCCCAAAGCCCAGGCACTGTTCCAGACTCGCTGAGTGGAGGAGCAGGGAGAGAAAGCTCCCCCAAAGCCCACAACCCAGTACAGATTCACAGCCCAGGTTGGGCCCACCAGGAAGACCCATGAAACCTCAGTCTGTGAATCTGGTTTAAACGGCCCCGACAGTCAGACACTGCTCCTGGCACCACCCAGGAGCAACAGGAATCCAGCCTCCGGGAGGCCCTGAGTCCTGGGACGTTGAGCCGCTGAAGGTAAACAAGCACACCAGGAAGCAGAGAGCCCAGAGTGACGCTGTGGAGAGGGTGGGCCCAGGTGTCCTCCAGTAACAAGCCACAGGCCAAGCAGGCGAAAAAACAGGCTTGAAAATACAGGCAGCAGGAAAGGCTGTGATGAGGGACCAGGCACACTTGAGAGAAATGGAATTCCTAGAAACAAAACCACCACGACAGAATTAAAATACAACGGGTGATTTTTAAGAGCAGATTGGGGCCGGGCGCAGTGGCTCACGCCTGTAATCCCAGCACTTTGGGAGGCCGAGGCGGGCGGATCATGAGGTCAAGAGATCGAGACCAGCCTGGCCAACATGGTGAAACTCTGTCTCTACTAAAAATACACAAAAAATTACCCAGGCATGGTGGCACATGCCTGTAATCCCAGCTACTCAGGAGGCTGAGGCAGGTGAATTGCTTGAGCCCAGGAGGCAGAGGTTGCAGTGAGCCAAGATTGCACCACTGCACTTCAGCGTGGGCAAAACAGTGAGACTCTGTCTCAAAAAAAAAAAAAAAAAGGGAGGGGATGTTAAACTAAAAAACCTATATGACAATTTTCATAGATGCAGAAATTTTTCATAAAATTCAATACCTATTCATGATGAAAGAATGTTTAGCAAACTAGGAAAAGAAAGGCACCTCTTTGTCTAGATCAGGGACATCTAGTGCAAACATCCAATAAACTTAATACTGAACAGTAAACCTTTGGAATCATTACTATTAATATCAGGACTCAAACAGGAATTCCCTCATTCACCATTGCCCTGGAGAGCTGAGCCAATTCCACAAGATCCGCCCCCTCCACCCAATGCGTAGGTTTATGAGCTGTCATTAGCTGCAGAATATGTGATCATCATTAAAAAAGGAGACTCCATAGGAAATCTATTAGAAATACTAAAGAGCTTTATCTTTTATTTGTTTATTTATGTTTTTATGAGGCAGAGTCTCACTCCATTGCCCAGGCTGGAGTGCAATGGTGCAATCTTGGCTCACTACAACCTCTGCCTCCTGGGTTCGAGTGATTCTCTTGCCTCAGCCTCCCAGGTAGCTGGGATTACAGGCAAGTGCCACCACACTCAGTTAATTTTTTTGGGGGGGGGATTCTTAGTACAGACAGGTTTCACCATGTTGGCCAGGCTGGTCTCGAACTCCTGACGTCAGGTGATCCACCTGCCTCGGCCTCCCAAAGTGCTGGGATTACAGGTGTGAGCCACCGCATCAGCCATGCTTTGCATTTGTTGTTTGTTTGTTACTATAGTCCGCTTTGTGAATTTGCATGTCATCCTTGCGCAGGGGCCAAGCTGATCTAATCTCCTCCCTTAAGCTTAGAGGTCCTTGAGGTGAAGAAACATTTAAGTAAAGTTTAGCCATCTATTTTTCTGTTAAATTCAAGTAAAAATAAAATAGTTTAAATGACATAAGGTAATTTCATTTCTATAAAATAATTTTTATCTGTTTATCCTGCAAATATCTGTATATTTGGCTACACAAATGTCTAGAACAGGCCAGGCATGGTGGCTCAAGTTCACAATCCC
22:50443739_TA/T	TA
22:50445399_A/AG	A
22:50446541_G/GA	G
22:50447556_T/TG	T
22:50451972_C/CCA	C
22:50454855_G/T	G
22:50455014_G/A	G
22:50456834_TCAAA/T	TCAAA
22:50457999_T/TCAAG	T
22:50467292_AC/A	AC
22:50467468_A/AC	A
22:50467597_A/AC	A
22:50468873_G/A	G
22:50468894_G/A	G
22:50468908_C/T	C
22:50468977_G/A	G
22:50468991_T/C	T
22:50470102_G/A	G
22:50470291_C/T	C
22:50470514_G/A	G
22:50471676_T/A	T
22:50472831_G/A	G
22:50472908_C/A	C
22:50476015_A/AT	A
22:50479676_G/A	G
22:50481622_GGATA/G	GGATA
22:50483807_G/A	G
22:50483826_G/C	G
22:50484261_G/A	G
22:50484343_G/T	G
22:50484345_C/T	C
22:50484388_G/T	G
22:50485571_G/A	G
22:50487660_C/T	C
22:50487740_C/T	C
22:50488502_C/T	C
22:50488528_G/A	G
22:50488628_C/T	C
22:50492836_CCTCCCTCTCCTGGG/C	CCTCCCTCTCCTGGG
22:50495523_T/TG	T
22:50495544_GGA/G	GGA
22:50496089_GA/G	GA
22:50498030_G/GC	G
22:50499179_CAG/C	CAG
22:50500032_C/T	C
22:50501919_A/AC	A
22:50502447_C/T	C
22:50502451_C/T	C
22:50502490_G/A	G
22:50502496_G/C	G
22:50502517_C/A	C
22:50503061_GT/G	GT
22:50503311_AC/A	AC
22:50503378_C/CAG	C
22:50505152_G/GA	G
22:50505335_GC/G	GC
22:50505752_G/GT	G
22:50506049_T/TCAGA	T
22:50506399_AC/A	AC
22:50506874_C/T	C
22:50506936_T/C	T
22:50507009_G/A	G
22:50507016_G/A	G
22:50512732_G/A	G
22:50512761_C/A	C
22:50512770_G/A	G
22:50515226_C/T	C
22:50515385_G/A	G
22:50515966_C/T	C
22:50515977_C/T	C
22:50518416_C/T	C
22:50521549_C/T	C
22:50521582_C/G	C
22:50521642_C/T	C
22:50523120_G/A	G
22:50523237_G/A	G
22:50523239_G/A	G
22:50523256_C/T	C
22:50523297_T/G	T
22:50531948_C/CT	C
22:50533186_A/AT	A
22:50536691_TTAA/T	TTAA
22:50536700_A/ACT	A
22:50537888_A/G	A
22:50537916_T/C	T
22:50537957_G/C	G
22:50538028_G/A	G
22:50538053_C/G	C
22:50544741_AC/A	AC
22:50546544_C/T	C
22:50546612_C/T	C
22:50546688_G/A	G
22:50546725_C/T	C
22:50547125_G/C	G
22:50548270_T/TA	T
22:50552053_G/A	G
22:50552119_G/T	G
22:50552952_T/C	T
22:50553033_A/G	A
22:50553066_G/A	G
22:50553086_G/A	G
22:50553610_G/C	G
22:50553643_A/C	A
22:50553645_A/G	A
22:50553662_A/G	A
22:50555491_AACTCTGTC/A	AACTCTGTC
22:50555644_C/T	C
22:50555694_G/C	G
22:50555696_G/A	G
22:50555697_C/A	C
22:50555746_G/A	G
22:50559899_AT/A	AT
22:50561225_TA/T	TA
22:50563836_A/G	A
22:50563906_A/T	A
22:50564738_A/G	A
22:50565031_GCT/G	GCT
22:50566849_A/G	A
22:50567405_CTT/C	CTT
22:50567608_T/TTC	T
22:50572542_T/C	T
22:50572743_A/AATTC	A
22:50572748_A/ATTTT	A
22:50572749_TGAA/T	TGAA
22:50573036_A/G	A
22:50573090_C/G	C
22:50573108_C/T	C
22:50576199_TTA/T	TTA
22:50576230_TTA/T	TTA
22:50576270_C/CAT	C
22:50580611_C/T	C
22:50580665_G/A	G
22:50582273_ATC/A	ATC
22:50582591_C/T	C
22:50582882_GT/G	GT
22:50584123_T/C	T
22:50584153_C/T	C
22:50584574_G/GGGAGGCCT	G
22:50584577_A/AGGCCTGGAGCCTG	A
22:50584583_G/GGA	G
22:50585467_TTGA/T	TTGA
22:50586102_CA/C	CA
22:50588008_C/T	C
22:50588163_T/C	T
22:50589174_C/T	C
22:50589217_C/T	C
22:50589355_G/A	G
22:50589629_TCTC/T	TCTC
22:50591469_C/T	C
22:50591566_G/A	G
22:50591645_C/T	C
22:50598109_G/A	G
22:50599344_A/ATG	A
22:50599777_C/T	C
22:50602298_T/TTTA	T
22:50602299_T/TA	T
22:50602301_T/TA	T
22:50602303_TTTTTA/T	TTTTTA
22:50602310_TTA/T	TTA
22:50602315_T/TA	T
22:50605735_AT/A	AT
22:50606101_G/GC	G
22:50609903_GT/G	GT
22:50611605_GT/G	GT
22:50615417_G/A	G
22:50615777_G/A	G
22:50616122_G/A	G
22:50616215_C/A	C
22:50616386_C/T	C
22:50617544_G/A	G
22:50617574_C/A	C
22:50617589_C/T	C
22:50617717_C/T	C
22:50617738_C/T	C
22:50621784_A/AC	A
22:50623352_A/AGCGGGGCAGGCGGACG	A
22:50626692_CAG/C	CAG
22:50631963_G/A	G
22:50632045_C/T	C
22:50632110_G/A	G
22:50632116_C/T	C
22:50632771_G/A	G
22:50632774_G/A	G
22:50632820_G/A	G
22:50632839_G/A	G
22:50633394_G/A	G
22:50633461_G/A	G
22:50634312_GGCGCCT/G	GGCGCCT
22:50635634_G/A	G
22:50635714_G/C	G
22:50635801_G/T	G
22:50635831_G/A	G
22:50635917_C/T	C
22:50636043_C/T	C
22:50636058_T/C	T
22:50636211_G/A	G
22:50636238_A/G	A
22:50636357_C/T	C
22:50636391_G/A	G
22:50636429_C/T	C
22:50636520_C/T	C
22:50636526_C/T	C
22:50636755_C/T	C
22:50636770_A/T	A
22:50639360_T/TC	T
22:50639366_CA/C	CA
22:50640645_G/GAAA	G
22:50644807_A/G	A
22:50644858_G/A	G
22:50644879_G/A	G
22:50646835_GACA/G	GACA
22:50646965_G/A	G
22:50647098_G/A	G
22:50648221_T/TG	T
22:50648617_G/A	G
22:50648788_G/A	G
22:50648789_T/C	T
22:50649011_C/T	C
22:50649034_C/T	C
22:50649104_G/A	G
22:50649120_G/T	G
22:50649210_C/T	C
22:50649223_G/C	G
22:50649384_G/C	G
22:50653571_CA/C	CA
22:50654153_C/T	C
22:50654168_C/T	C
22:50654198_A/G	A
22:50654253_C/T	C
22:50654263_T/A	T
22:50655196_G/A	G
22:50655320_C/T	C
22:50655344_C/T	C
22:50655355_A/G	A
22:50655389_A/C	A
22:50655468_G/A	G
22:50655494_C/T	C
22:50655528_G/A	G
22:50655628_C/T	C
22:50655669_C/T	C
22:50655758_C/T	C
22:50655781_G/A	G
22:50656147_G/A	G
22:50656247_T/C	T
22:50656269_G/A	G
22:50656317_C/G	C
22:50656322_C/T	C
22:50656430_G/A	G
22:50656647_G/A	G
22:50656818_G/A	G
22:50656951_C/T	C
22:50656995_C/T	C
22:50657032_G/A	G
22:50657059_G/A	G
22:50657176_G/C	G
22:50657206_C/T	C
22:50657207_G/A	G
22:50657310_G/A	G
22:50657610_C/T	C
22:50657616_C/T	C
22:50657617_G/A	G
22:50657666_G/A	G
22:50658033_C/T	C
22:50658035_G/A	G
22:50658082_C/T	C
22:50658099_C/T	C
22:50658161_C/T	C
22:50658162_G/A	G
22:50658170_T/C	T
22:50658253_C/T	C
22:50658339_G/C	G
22:50658430_C/T	C
22:50658847_A/G	A
22:50658885_C/T	C
22:50659033_A/G	A
22:50659082_G/A	G
22:50659149_G/A	G
22:50659329_G/A	G
22:50659480_C/T	C
22:50659500_A/C	A
22:50659595_C/T	C
22:50659613_C/T	C
22:50659788_C/A	C
22:50659796_C/T	C
22:50659874_C/G	C
22:50660043_G/A	G
22:50660122_G/A	G
22:50660176_G/A	G
22:50660296_G/A	G
22:50660298_C/G	C
22:50660437_G/T	G
22:50660498_G/A	G
22:50660549_G/A	G
22:50660581_C/A	C
22:50660896_T/C	T
22:50662586_G/A	G
22:50662705_T/C	T
22:50662731_C/T	C
22:50662925_C/G	C
22:50662928_G/A	G
22:50664312_C/G	C
22:50664351_C/T	C
22:50664381_G/A	G
22:50664402_A/G	A
22:50664523_C/T	C
22:50664618_T/C	T
22:50664640_G/A	G
22:50664646_C/T	C
22:50664683_C/T	C
22:50664684_G/A	G
22:50664735_G/A	G
22:50664798_G/A	G
22:50664801_G/A	G
22:50664818_G/A	G
22:50665287_G/C	G
22:50665446_G/A	G
22:50665476_A/G	A
22:50665539_C/T	C
22:50666399_G/A	G
22:50666463_G/A	G
22:50667807_T/C	T
22:50667836_G/C	G
22:50667842_G/A	G
22:50667868_G/C	G
22:50667872_G/A	G
22:50667930_G/A	G
22:50667981_C/T	C
22:50671835_C/T	C
22:50671849_C/T	C
22:50671889_G/A	G
22:50673245_AC/A	AC
22:50673453_CCT/C	CCT
22:50674539_G/GT	G
22:50676903_AC/A	AC
22:50676973_GT/G	GT
22:50678588_G/A	G
22:50678683_G/A	G
22:50678700_C/G	C
22:50678821_C/T	C
22:50682215_T/C	T
22:50682234_C/A	C
22:50682300_A/G	A
22:50682446_T/C	T
22:50682536_G/A	G
22:50682550_G/C	G
22:50682644_A/C	A
22:50682758_G/A	G
22:50682771_C/T	C
22:50682785_C/T	C
22:50683935_T/A	T
22:50683973_C/G	C
22:50683997_C/A	C
22:50684279_A/G	A
22:50684374_G/T	G
22:50684471_G/C	G
22:50684515_C/T	C
22:50684748_A/G	A
22:50684822_G/C	G
22:50685063_C/T	C
22:50685086_A/G	A
22:50685154_C/A	C
22:50685310_G/A	G
22:50685370_G/A	G
22:50685402_G/T	G
22:50686210_G/T	G
22:50686283_C/T	C
22:50686333_T/G	T
22:50686399_C/T	C
22:50686400_G/A	G
22:50686424_C/A	C
22:50686642_G/A	G
22:50686737_A/G	A
22:50686772_G/C	G
22:50686775_C/T	C
22:50686938_A/G	A
22:50687099_C/T	C
22:50687117_C/T	C
22:50687118_G/A	G
22:50687190_G/C	G
22:50687294_G/A	G
22:50687334_G/A	G
22:50687487_C/A	C
22:50687521_C/T	C
22:50687558_G/A	G
22:50687573_C/T	C
22:50687614_G/A	G
22:50687618_A/G	A
22:50687882_C/T	C
22:50688049_C/T	C
22:50688259_C/A	C
22:50688335_C/T	C
22:50688434_C/T	C
22:50688532_C/T	C
22:50688533_A/T	A
22:50688550_G/A	G
22:50688572_C/T	C
22:50688573_G/A	G
22:50688605_C/T	C
22:50688635_C/T	C
22:50689267_G/A	G
22:50689460_A/G	A
22:50691793_A/G	A
22:50691914_C/T	C
22:50693604_G/C	G
22:50693619_C/T	C
22:50693699_C/T	C
22:50693704_C/T	C
22:50693740_C/T	C
22:50693741_G/A	G
22:50693764_C/T	C
22:50693899_G/A	G
22:50693939_G/C	G
22:50694131_G/A	G
22:50694251_T/C	T
22:50694568_G/A	G
22:50694676_G/A	G
22:50695045_C/T	C
22:50695401_G/A	G
22:50695412_T/G	T
22:50695427_G/A	G
22:50695503_G/A	G
22:50695506_C/T	C
22:50695586_G/T	G
22:50695593_T/A	T
22:50695615_C/G	C
22:50696623_G/A	G
22:50696639_C/T	C
22:50696724_C/T	C
22:50699625_G/A	G
22:50700525_G/GC	G
22:50700791_TC/T	TC
22:50703710_G/A	G
22:50703849_C/T	C
22:50703850_G/A	G
22:50704075_G/C	G
22:50704951_A/C	A
22:50704979_C/T	C
22:50705047_G/A	G
22:50705749_C/T	C
22:50705947_C/T	C
22:50709801_C/CT	C
22:50712064_AAG/A	AAG
22:50712066_GA/G	GA
22:50714244_G/A	G
22:50714247_G/A	G
22:50714298_C/T	C
22:50715029_T/C	T
22:50715127_G/A	G
22:50715165_C/T	C
22:50715271_T/C	T
22:50715339_T/C	T
22:50716044_C/T	C
22:50716479_G/A	G
22:50716490_G/T	G
22:50716538_G/T	G
22:50716606_T/C	T
22:50717103_C/T	C
22:50717263_C/T	C
22:50717405_G/A	G
22:50717663_G/GAACC	G
22:50718101_G/A	G
22:50718217_C/T	C
22:50718894_G/A	G
22:50719040_C/A	C
22:50719046_G/A	G
22:50719062_G/A	G
22:50719113_C/T	C
22:50719155_G/A	G
22:50719161_C/T	C
22:50719166_G/A	G
22:50719237_G/A	G
22:50719317_G/A	G
22:50719356_G/A	G
22:50719484_G/A	G
22:50719643_G/C	G
22:50719774_G/A	G
22:50719869_G/A	G
22:50719942_C/T	C
22:50720215_G/A	G
22:50720418_C/T	C
22:50720591_C/G	C
22:50721123_G/GCA	G
22:50721170_C/T	C
22:50721177_C/T	C
22:50721207_C/T	C
22:50721244_C/T	C
22:50721252_T/C	T
22:50721295_C/T	C
22:50721497_T/C	T
22:50721732_C/T	C
22:50721758_G/A	G
22:50722007_C/T	C
22:50722021_G/A	G
22:50722049_C/T	C
22:50722131_G/A	G
22:50722227_G/A	G
22:50722289_G/A	G
22:50722424_G/A	G
22:50722534_G/A	G
22:50722646_G/A	G
22:50722691_C/T	C
22:50722939_A/AC	A
22:50723013_G/A	G
22:50723068_G/C	G
22:50724206_A/G	A
22:50724209_C/T	C
22:50724515_G/A	G
22:50724648_G/A	G
22:50724712_G/T	G
22:50724751_G/A	G
22:50726237_G/T	G
22:50727152_C/T	C
22:50727443_G/C	G
22:50728170_C/T	C
22:50728219_C/G	C
22:50728478_T/C	T
22:50728600_G/A	G
22:50728606_G/A	G
22:50728774_C/T	C
22:50729021_C/T	C
22:50731402_CA/C	CA
22:50731902_CT/C	CT
22:50732811_A/AC	A
22:50738720_A/ATCG	A
22:50739843_C/CACAT	C
22:50740744_GA/G	GA
22:50742959_TG/T	TG
22:50743080_AC/A	AC
22:50744414_T/TG	T
22:50745456_C/CA	C
22:50746670_TCTCA/T	TCTCA
22:50750529_C/G	C
22:50750573_G/A	G
22:50750720_G/A	G
22:50750788_T/C	T
22:50750805_G/A	G
22:50751486_C/T	C
22:50751547_GA/G	GA
22:50751558_C/T	C
22:50751563_C/T	C
22:50751791_C/CT	C
22:50752024_C/T	C
22:50752105_G/A	G
22:50752185_C/T	C
22:50752234_A/C	A
22:50752297_G/A	G
22:50752848_G/A	G
22:50752935_G/T	G
22:50753025_G/A	G
22:50753260_G/A	G
22:50753262_C/T	C
22:50753290_C/T	C
22:50753342_C/T	C
22:50754159_C/T	C
22:50754202_AGAG/A	AGAG
22:50754416_C/T	C
22:50754519_G/A	G
22:50754649_G/A	G
22:50754700_C/T	C
22:50754774_A/C	A
22:50754874_C/G	C
22:50755840_C/T	C
22:50756388_G/A	G
22:50756413_C/A	C
22:50756486_G/A	G
22:50757245_G/C	G
22:50766505_AG/A	AG
22:50768834_G/GA	G
22:50769195_GGAGGCTTA/G	GGAGGCTTA
22:50775637_AGTGT/A	AGTGT
22:50775907_TTGTC/T	TTGTC
22:50776091_TG/T	TG
22:50776613_CTG/C	CTG
22:50777691_TTGTG/T	TTGTG
22:50777749_A/AGT	A
22:50778564_TAC/T	TAC
22:50778565_ACAGT/A	ACAGT
22:50781013_GCAATACACTGACAA/G	GCAATACACTGACAA
22:50788257_AAC/A	AAC
22:50788258_AC/A	AC
22:50789454_T/TG	T
22:50790579_AG/A	AG
22:50793654_C/CCTT	C
22:50793660_T/TC	T
22:50794270_G/GA	G
22:50794281_AC/A	AC
22:50794331_AAC/A	AAC
22:50795342_GA/G	GA
22:50795819_TTCCC/T	TTCCC
22:50795918_GTC/G	GTC
22:50796542_AT/A	AT
22:50798464_C/CT	C
22:50805336_G/GT	G
22:50805341_C/CT	C
MERGED_DEL_2_107185	ATGGCGCGATCTCGGCTCACTGCAACCTCTGCCTCCCAGGTTCAAGCAATTCTCCTGCCTCAGCCTCCCGAGGAGATGGGATTACAGGCGCCTGCCACCACGCCCAGCTAATTTTTTGTGTTTTTAGTAGAGATGGGGTTTCACTATGTTGGCCAGACTGGTCTCGAATGCCTGACCTCGTGATCCACCCGCCTTGGCCTCCCAAAGTGCTGGGATTACAGGCGTGAGCCACCACGCCTGGCCACGCTATGTTTTAAAGAAAAAAGTTTAAAAGTAGGACCTATTTCTTTTTTTCTTTTCATTTTTTTGAGACGGAGTCTCACTCTGTTGCCCAGGCTGGAGTGCAGTGGCGTGATCTCGGCTCACTGCAACCTCTGCCTCCCGGGTTCAAGTGATTCTCCTGCCTCAGCCTCCCGAGTAGCTGGGATTACAGGCGCCTGCCATTGTGCCTCGCTAGTTTTTGTATTTTTAGTAGAGACGGGGTTTCACCATGTTGGCCAGGCTAATCTTGAACTCCTGACCTCATGATCCACCCGCCTCGGCCTCCCAAAGTGTTGGGATTATAGGCGTGAGCCACTGCCCCCAGCCACAAATGTAGGACCTATTTCTAAGAAACCCTTTGTAGAGGTCAGGGTATTGGGAATCCTAATTTAAAAATATTTTTAATCATTATTGGAAATTTAAGTGACAGTGGGTTCAAGAGCTAAACGTCAGACCTTTTTTAAAACAAATTTTATTTTCTGAAGGACTTCATACCTGACAACGCCAATTAAACATAATACTCCACCCATCCTACAAATTATTAAATACATTATTTCACCTGGGACTAGGATAATTATAAAATGGAATTTTAAAGTTGTAATATAGCCAGGCACAGTGGTTTGTGCTTGTAATTCCTGCTACTCAGCAGGCTGTGGCAGGAGGATCACTTGAGGGCTGTAATGTGCTGTGTGAACTGGGTGTCTGCACTAAGTTCGGCATCAGTATGGTGACCTCCCAGAAAAGGAAGACTGCCAGGTTGCCTAAGGAGGTGTGAACCAGCTGAGGTTGGAAATGGAGCACATCAGAAACTCCCATGCTGGTTAGTAGTGGGACTGGAGCTGTGAATAGCTACTGCTCTCCACCCTGGGCAGCATAGTGAGACCCCATCTCTTTAAAAAAGAAAAAAAAAAGAAAACTATCTTAAAATATCATTTTAACTGTCATGTTTGCTAGTTGAATTATGAAATCAAAGACAAATTTTATATTTAAGGGACAGATAATAAATGCTGTTCCATTGCTTTATTTTTAAAATTTTGTAATTGCTTTTTTTTGAGATGGGGTCAGTCTCTGGTCACCCAGGCTGGAGTGCAG
22:50809364_AATGT/A	AATGT
22:50811661_ATTTC/A	ATTTC
22:50812169_G/GT	G
22:50817144_A/AC	A
22:50817441_AC/A	AC
22:50820351_GA/G	GA
22:50822466_A/AAAAC	A
22:50823621_A/AGTTTT	A
22:50826837_AT/A	AT
22:50832326_G/C	G
22:50832506_C/T	C
22:50834327_G/GA	G
22:50845178_C/T	C
22:50845314_G/A	G
22:50845702_G/GGAGGCA	G
22:50852952_G/A	G
22:50853008_A/G	A
22:50854613_T/C	T
22:50857403_G/A	G
22:50857842_G/A	G
22:50860674_C/T	C
22:50860818_C/T	C
22:50860819_C/T	C
22:50860825_G/A	G
22:50866161_G/GT	G
22:50866165_T/TG	T
22:50867147_C/CA	C
22:50869664_C/T	C
22:50869714_C/T	C
22:50873355_G/T	G
22:50873356_G/T	G
22:50873451_C/T	C
22:50873542_G/A	G
22:50874930_G/A	G
22:50875912_C/G	C
22:50875992_T/C	T
22:50876081_G/C	G
22:50876361_A/G	A
22:50876612_G/T	G
22:50876708_C/T	C
22:50876731_C/T	C
22:50876767_A/G	A
22:50877156_A/C	A
22:50877468_T/TCCAGCC	T
22:50877962_CCT/C	CCT
22:50878409_T/A	T
22:50878419_C/T	C
22:50878896_GTGAC/G	GTGAC
22:50879331_G/A	G
22:50879346_G/A	G
22:50879354_C/T	C
22:50879373_G/C	G
22:50879471_C/T	C
22:50879486_C/T	C
22:50879748_A/AGTC	A
22:50881001_CAG/C	CAG
22:50882314_C/T	C
22:50882317_C/A	C
22:50882323_A/C	A
22:50882367_C/T	C
22:50882368_G/A	G
22:50882385_G/A	G
22:50882428_G/C	G
22:50882469_G/A	G
22:50882544_C/T	C
22:50882572_G/T	G
22:50882600_C/T	C
22:50882671_G/T	G
22:50882953_CGGGGTG/C	CGGGGTG
22:50882965_GGGGGT/G	GGGGGT
22:50884345_CCCACCTGAGAGGA/C	CCCACCTGAGAGGA
22:50884788_C/CG	C
22:50885737_C/CG	C
22:50886473_T/TC	T
22:50887792_T/TCCCAG	T
22:50891422_G/GA	G
22:50894271_C/CG	C
22:50902702_TG/T	TG
22:50905445_CG/C	CG
22:50913021_CT/C	CT
22:50914620_T/TTTTG	T
22:50915238_A/AT	A
22:50916015_CA/C	CA
22:50920375_C/A	C
22:50921132_C/A	C
22:50922986_CG/C	CG
22:50925441_TCCG/T	TCCG
22:50926045_C/T	C
22:50926070_C/T	C
22:50926192_C/T	C
22:50926201_G/A	G
22:50926308_C/T	C
22:50926366_G/A	G
22:50926466_A/G	A
22:50926679_C/A	C
22:50926731_A/G	A
22:50926765_G/T	G
22:50926791_G/C	G
22:50926800_G/A	G
22:50927484_G/A	G
22:50927545_A/T	A
22:50927563_A/G	A
22:50927618_C/T	C
22:50927619_G/A	G
22:50927689_G/A	G
22:50927693_C/T	C
22:50927779_G/A	G
22:50927916_C/T	C
22:50927937_G/A	G
22:50927976_C/T	C
22:50927990_C/T	C
22:50928082_C/T	C
22:50928083_G/A	G
22:50928179_A/G	A
22:50928217_G/A	G
22:50928312_G/A	G
22:50928978_CAG/C	CAG
22:50929866_TG/T	TG
22:50929883_CA/C	CA
22:50935833_CATA/C	CATA
22:50935943_TA/T	TA
22:50936609_T/TA	T
22:50937810_TC/T	TC
22:50938275_A/AT	A
22:50938611_T/TC	T
22:50938821_GGC/G	GGC
22:50942411_TGCTCCTCA/T	TGCTCCTCA
22:50942955_GC/G	GC
22:50947120_TTGAG/T	TTGAG
22:50953627_T/TG	T
22:50954432_AG/A	AG
22:50954868_T/C	T
22:50954990_T/TC	T
22:50955980_G/A	G
22:50956026_C/T	C
22:50956071_C/G	C
22:50956116_C/T	C
22:50956117_G/A	G
22:50956174_T/C	T
22:50956237_G/A	G
22:50956395_C/T	C
22:50956500_C/T	C
22:50956503_C/T	C
22:50956504_G/A	G
22:50956510_G/A	G
22:50956610_G/A	G
22:50956680_G/A	G
22:50956723_C/T	C
22:50956724_G/A	G
22:50957150_C/G	C
22:50957701_G/A	G
22:50959456_C/G	C
22:50959935_C/T	C
22:50959949_G/A	G
22:50960172_A/G	A
22:50960197_T/C	T
22:50960220_C/T	C
22:50960270_G/A	G
22:50960302_G/A	G
22:50960316_T/TG	T
22:50960426_G/A	G
22:50960428_C/T	C
22:50960434_C/G	C
22:50960444_C/T	C
22:50960445_G/A	G
22:50960645_C/G	C
22:50960769_C/T	C
22:50960790_C/A	C
22:50960792_G/A	G
22:50960851_G/A	G
22:50960852_C/T	C
22:50960989_G/A	G
22:50961020_A/T	A
22:50961058_C/T	C
22:50961092_C/G	C
22:50961134_G/C	G
22:50961160_G/A	G
22:50961173_G/A	G
22:50961202_C/T	C
22:50961211_C/G	C
22:50961387_C/A	C
22:50961475_C/T	C
22:50961503_C/T	C
22:50961521_T/C	T
22:50961614_G/A	G
22:50961816_C/T	C
22:50961980_TCA/T	TCA
22:50962057_G/A	G
22:50962117_C/T	C
22:50962230_C/T	C
22:50962265_G/A	G
22:50962381_C/T	C
22:50962463_C/T	C
22:50964663_C/T	C
22:50964907_TGCGG/T	TGCGG
22:50965559_A/T	A
22:50965624_C/T	C
22:50965724_G/A	G
22:50966041_C/T	C
22:50966051_C/T	C
22:50966173_G/A	G
22:50966932_G/A	G
22:50967024_C/T	C
22:50967540_G/A	G
22:50967666_C/G	C
22:50967740_C/T	C
22:50967801_C/T	C
22:50968184_C/A	C
22:50969116_C/A	C
22:50969312_C/T	C
22:50969336_C/T	C
22:50969352_G/T	G
22:50969450_C/T	C
22:50970354_C/A	C
22:50971410_TA/T	TA
22:50971643_A/AG	A
22:50971702_C/CT	C
MERGED_DEL_2_107223	GGAAGACGAGACTGGGCGCTGTGGCTCATGCCTGTAATCGCGGCACTTTGGGAGGCCGAGGCAGGTAGATCACTTGCGGTCAGGAGTTGGAAACCAGCCTGGCCAACATAGTGAAAACCCATCTCTACTAAAAATACAAAATTAACCGGACTTGGTGTCAGGCACCTGTAATCCTAGCTACTTAGGGAGGCTGAGGCAGGAGAATCGCTTGAACCTGGGAGGTGGAGGTTGCAGTGAGCCAAGACTGCACCACTGCACTCCAGCCTGGGGGACAGAGCGAGACTCTGTCACAAACAAACAAACAGCTCCTCAAATGAATATAAATATTTAATTCCAGTAAGATTTCCAATGTTAAAAATAGGAAAACACAAATTTAAAGTTCATATGCAAAAATGTGTTCAATTGTCAAAAAAATTCTAAAACAGGAAAAGAATAAAAGGGTTCTTAGGTATTAACCGCATGCGACAGTTAATTTGATGCACCAGGTTGGCTGGGCCACGCACCCCTGGCAGCTCTGTGCATTCCCGGCCCCTTCCTTGCTCCTGAAGCCCAGCCATCGCGGCATCTTTCTGCATTTGCTGCTTCTGAATCCCTTTGTGTCCTCTTTTCTTGACTTCCGCTGTTAACGTCATCTTACTAGGTAACGATTCGCTATGTTAATGTTTTTCCTGTTCACATTCCTGGTGTGGCTGTTCCCTTCTGTTTGGAACTAAGTCGTGATAGAGATTTTCGGAGGGGAAGATGAGAGAGGTTCGGTGAGTGTATCAGGCAGGGGTA
22:50978879_A/ATATATG	A
22:50978881_A/ATATG	A
22:50978883_A/ATG	A
22:50979725_AG/A	AG
22:50979760_T/TG	T
22:50980183_TTG/T	TTG
22:50986312_TAACCCCAGTCCC/T	TAACCCCAGTCCC
22:50987273_G/T	G
22:50987353_T/C	T
22:50987970_C/A	C
22:50988016_A/G	A
22:50988183_G/A	G
22:50988352_C/A	C
22:50988413_C/G	C
22:50988648_CCT/C	CCT
22:50989466_CTTG/C	CTTG
22:50990086_A/AG	A
22:50993550_T/TAAAATAAATAAATAAATA	T
