rs value	gene name
rs7410291	"<dd>
<span>ALG12 : Intron Variant</span>
</dd>"
rs147922003	"<dd>
<span>ALG12 : Intron Variant</span>
</dd>"
rs114143073	"<dd>
<span>ALG12 : Intron Variant</span>
</dd>"
rs141778433	"<dd>
<span>ALG12 : Intron Variant</span>
</dd>"
rs182170314	"<dd>
<span>ALG12 : Intron Variant</span>
</dd>"
rs115145310	"<dd>
<span>ALG12 : Intron Variant</span>
</dd>"
rs186769856	"<dd>
<span>ALG12 : Intron Variant</span>
</dd>"
rs77627744	"<dd>
<span>ALG12 : Intron Variant</span>
</dd>"
rs193230365	"<dd>
<span>ALG12 : Intron Variant</span>
</dd>"
rs9627788	"<dd>
<span>ALG12 : Intron Variant</span>
</dd>"
rs151129704	"<dd>
<span>ALG12 : Intron Variant</span>
</dd>"
rs114659385	"<dd>
<span>ALG12 : Intron Variant</span>
</dd>"
rs9627789	"<dd>
<span>ALG12 : Intron Variant</span>
</dd>"
rs73443949	"<dd>
<span>ALG12 : Intron Variant</span>
</dd>"
rs141100913	"<dd>
<span>ALG12 : Intron Variant</span>
</dd>"
rs77481841	"<dd>
<span>ALG12 : Intron Variant</span>
</dd>"
rs77619365	"<dd>
<span>ALG12 : Intron Variant</span>
</dd>"
rs117571035	"<dd>
<span>ALG12 : Intron Variant</span>
</dd>"
rs9616366	"<dd>
<span>ALG12 : Intron Variant</span>
</dd>"
rs185633079	"<dd>
<span>ALG12 : Intron Variant</span>
</dd>"
rs73443951	"<dd>
<span>ALG12 : Intron Variant</span>
</dd>"
rs190097286	"<dd>
<span>ALG12 : Intron Variant</span>
</dd>"
rs137922648	"<dd>
<span>ALG12 : Intron Variant</span>
</dd>"
rs114335781	"<dd>
<span>ALG12 : Synonymous Variant</span>
</dd>"
rs8135963	"<dd>
<span>ALG12 : Synonymous Variant</span>
</dd>"
rs9627644	"<dd>
<span>ALG12 : Intron Variant</span>
</dd>"
rs192916413	"<dd>
<span>ALG12 : Intron Variant</span>
</dd>"
rs149477000	"<dd>
<span>ALG12 : Intron Variant</span>
</dd>"
rs138658289	"<dd>
<span>ALG12 : Intron Variant</span>
</dd>"
rs59612223	"<dd>
<span>ALG12 : Intron Variant</span>
</dd>"
rs146271548	"<dd>
<span>ALG12 : Intron Variant</span>
</dd>"
rs148469139	"<dd>
<span>ALG12 : Intron Variant</span>
</dd>"
rs183994690	"<dd>
<span>ALG12 : Intron Variant</span>
</dd>"
rs114727878	"<dd>
<span>ALG12 : Intron Variant</span>
</dd>"
rs188676427	"<dd>
<span>ALG12 : Intron Variant</span>
</dd>"
rs141791452	"<dd>
<span>ALG12 : Intron Variant</span>
</dd>"
rs73181156	"<dd>
<span>ALG12 : Intron Variant</span>
</dd>"
rs150605490	"<dd>
<span>ALG12 : Intron Variant</span>
</dd>"
rs139702490	"<dd>
<span>ALG12 : Intron Variant</span>
</dd>"
rs112796939	"<dd>
<span>ALG12 : Intron Variant</span>
</dd>"
rs11702974	"<dd>
<span>ALG12 : Intron Variant</span>
</dd>"
rs11703253	"<dd>
<span>ALG12 : Intron Variant</span>
</dd>"
rs145507838	"<dd>
<span>ALG12 : Intron Variant</span>
</dd>"
rs12166846	"<dd>
<span>ALG12 : Intron Variant</span>
</dd>"
rs11704446	"<dd>
<span>ALG12 : Intron Variant</span>
</dd>"
rs181416164	"<dd>
<span>ALG12 : Intron Variant</span>
</dd>"
rs185259665	"<dd>
<span>ALG12 : Intron Variant</span>
</dd>"
rs4075331	"<dd>
<span>ALG12 : Intron Variant</span>
</dd>"
rs145358718	"<dd>
<span>ALG12 : Intron Variant</span>
</dd>"
rs188399257	"<dd>
<span>ALG12 : Splice Donor Variant</span>
</dd>"
rs114264124	"<dd>
<span>ALG12 : Missense Variant</span>
</dd>"
rs149209714	"<dd>
<span>ALG12 : Missense Variant</span>
</dd>"
rs76354698	"<dd>
<span>ALG12 : Intron Variant</span>
</dd>"
rs75496139	"<dd>
<span>ALG12 : Intron Variant</span>
</dd>"
rs182276967	"<dd>
<span>ALG12 : Intron Variant</span>
</dd>"
rs143405289	"<dd>
<span>ALG12 : Intron Variant</span>
</dd>"
rs56810176	"<dd>
<span>ALG12 : Intron Variant</span>
</dd>"
rs115670095	"<dd>
<span>ALG12 : Intron Variant</span>
</dd>"
rs187270471	"<dd>
<span>ALG12 : Intron Variant</span>
</dd>"
rs4075330	"<dd>
<span>ALG12 : Intron Variant</span>
</dd>"
rs80251032	"<dd>
<span>ALG12 : Intron Variant</span>
</dd>"
rs150925909	"<dd>
<span>ALG12 : Intron Variant</span>
</dd>"
rs9616367	"<dd>
<span>ALG12 : Intron Variant</span>
</dd>"
rs9616204	"<dd>
<span>ALG12 : Intron Variant</span>
</dd>"
rs9616368	"<dd>
<span>ALG12 : Intron Variant</span>
</dd>"
rs12167668	"<dd>
<span>ALG12 : Synonymous Variant</span>
</dd>"
rs140835842	"<dd>
<span>ALG12 : Synonymous Variant</span>
</dd>"
rs144665682	"<dd>
<span>ALG12 : Missense Variant</span>
</dd>"
rs191669043	"<dd>
<span>ALG12 : Intron Variant</span>
</dd>"
rs183421194	"<dd>
<span>ALG12 : Intron Variant</span>
</dd>"
rs7510834	"<dd>
<span>ALG12 : Intron Variant</span>
</dd>"
rs76905919	"<dd>
<span>ALG12 : Intron Variant</span>
</dd>"
rs78916708	"<dd>
<span>ALG12 : Intron Variant</span>
</dd>"
rs117687848	"<dd>
<span>ALG12 : Missense Variant</span>
</dd>"
rs34385787	"<dd>
<span>ALG12 : Intron Variant</span>
</dd>"
rs186021973	"<dd>
<span>ALG12 : Intron Variant</span>
</dd>"
rs138625642	"<dd>
<span>ALG12 : Intron Variant</span>
</dd>"
rs190040961	"<dd>
<span>ALG12 : Intron Variant</span>
</dd>"
rs9616369	"<dd>
<span>ALG12 : Intron Variant</span>
</dd>"
rs182625141	"<dd>
<span>ALG12 : Intron Variant</span>
</dd>"
rs141641203	"<dd>
<span>ALG12 : Intron Variant</span>
</dd>"
rs76115124	"<dd>
<span>ALG12 : Intron Variant</span>
</dd>"
rs12167756	"<dd>
<span>ALG12 : Intron Variant</span>
</dd>"
rs186556145	"<dd>
<span>ALG12 : Intron Variant</span>
</dd>"
rs116244547	"<dd>
<span>ALG12 : Intron Variant</span>
</dd>"
rs75834079	"<dd>
<span>ALG12 : Intron Variant</span>
</dd>"
rs138042259	"<dd>
<span>ALG12 : Intron Variant</span>
</dd>"
rs149528683	"<dd>
<span>ALG12 : Intron Variant</span>
</dd>"
rs144170927	"<dd>
<span>ALG12 : Intron Variant</span>
</dd>"
rs62233158	"<dd>
<span>ALG12 : Intron Variant</span>
</dd>"
rs192375298	"<dd>
<span>ALG12 : Intron Variant</span>
</dd>"
rs183884936	"<dd>
<span>ALG12 : Intron Variant</span>
</dd>"
rs62233159	"<dd>
<span>ALG12 : Intron Variant</span>
</dd>"
rs188774935	"<dd>
<span>ALG12 : Intron Variant</span>
</dd>"
rs193302701	"<dd>
<span>ALG12 : Intron Variant</span>
</dd>"
rs9627790	"<dd>
<span>ALG12 : Intron Variant</span>
</dd>"
rs147458958	"<dd>
<span>ALG12 : Intron Variant</span>
</dd>"
rs184507994	"<dd>
<span>ALG12 : Intron Variant</span>
</dd>"
rs73443957	"<dd>
<span>ALG12 : Intron Variant</span>
</dd>"
rs111323716	"<dd>
<span>ALG12 : Intron Variant</span>
</dd>"
rs189215586	"<dd>
<span>ALG12 : Intron Variant</span>
</dd>"
rs117396272	"<dd>
<span>ALG12 : Intron Variant</span>
</dd>"
rs145467040	"<dd>
<span>ALG12 : Intron Variant</span>
</dd>"
rs151082626	"<dd>
<span>ALG12 : Intron Variant</span>
</dd>"
rs139912124	"<dd>
<span>ALG12 : Intron Variant</span>
</dd>"
rs79695893	"<dd>
<span>ALG12 : Intron Variant</span>
</dd>"
rs73891167	"<dd>
<span>ALG12 : Intron Variant</span>
</dd>"
rs191709793	"<dd>
<span>ALG12 : Intron Variant</span>
</dd>"
rs9616370	"<dd>
<span>ALG12 : Intron Variant</span>
</dd>"
rs9616371	"<dd>
<span>ALG12 : Intron Variant</span>
</dd>"
rs184260253	"<dd>
<span>ALG12 : Intron Variant</span>
</dd>"
rs71729997	"<dd>
<span>ALG12 : Intron Variant</span>
</dd>"
rs189322062	"<dd>
<span>ALG12 : Intron Variant</span>
</dd>"
rs140796640	"<dd>
<span>ALG12 : Intron Variant</span>
</dd>"
rs180895549	"<dd>
<span>ALG12 : Intron Variant</span>
</dd>"
rs9808886	"<dd>
<span>ALG12 : Intron Variant</span>
</dd>"
rs112936160	"<dd>
<span>ALG12 : Intron Variant</span>
</dd>"
rs114715263	"<dd>
<span>ALG12 : Intron Variant</span>
</dd>"
rs12163447	"<dd>
<span>ALG12 : Intron Variant</span>
</dd>"
rs146667979	"<dd>
<span>ALG12 : Intron Variant</span>
</dd>"
rs56377703	"<dd>
<span>ALG12 : Intron Variant</span>
</dd>"
rs140269988	"<dd>
<span>ALG12 : Intron Variant</span>
</dd>"
rs56248708	"<dd>
<span>ALG12 : Intron Variant</span>
</dd>"
rs190345740	"<dd>
<span>ALG12 : Synonymous Variant</span>
</dd>"
rs11705497	"<dd>
<span>ALG12 : Intron Variant</span>
</dd>"
rs76707654	"<dd>
<span>ALG12 : Synonymous Variant</span>
</dd>"
rs143508665	"<dd>
<span>ALG12 : Synonymous Variant</span>
</dd>"
rs182520339	"<dd>
<span>ALG12 : 5 Prime UTR Variant</span>
</dd>"
rs148027863	"<dd>
<span>ALG12 : Intron Variant</span>
</dd>"
rs140846613	"<dd>
<span>ALG12 : Intron Variant</span>
</dd>"
rs150163814	"<dd>
<span>ALG12 : Intron Variant</span>
</dd>"
rs185775647	"<dd>
<span>ALG12 : Intron Variant</span>
</dd>"
rs79803897	"<dd>
<span>ALG12 : Intron Variant</span>
</dd>"
rs190578697	"<dd>
<span>ALG12 : Intron Variant</span>
</dd>"
rs182405264	"<dd>
<span>ALG12 : Intron Variant</span>
</dd>"
rs185495530	"<dd>
<span>ALG12 : Intron Variant</span>
</dd>"
rs7511159	"<dd>
<span>ALG12 : Intron Variant</span>
</dd>"
rs7511620	"<dd>
<span>ALG12 : Intron Variant</span>
</dd>"
rs115806794	"<dd>
<span>ALG12 : Intron Variant</span>
</dd>"
rs138883187	"<dd>
<span>ALG12 : Intron Variant</span>
</dd>"
rs142905070	"<dd>
<span>ALG12 : Intron Variant</span>
</dd>"
rs190836517	"<dd>
<span>ALG12 : Intron Variant</span>
</dd>"
rs147448723	"<dd>
<span>ALG12 : Intron Variant</span>
</dd>"
rs76543540	"<dd>
<span>ALG12 : Intron Variant</span>
</dd>"
rs58294824	N/A
rs149583173	"<dd>
<span>ALG12 : Intron Variant</span>
</dd>"
rs78930247	"<dd>
<span>ALG12 : Intron Variant</span>
</dd>"
rs117240669	"<dd>
<span>ALG12 : Intron Variant</span>
</dd>"
rs148768038	"<dd>
<span>ALG12 : Intron Variant</span>
</dd>"
rs9616372	"<dd>
<span>ALG12 : Intron Variant</span>
</dd>"
rs12167279	"<dd>
<span>ALG12 : Intron Variant</span>
</dd>"
rs12166766	"<dd>
<span>ALG12 : Intron Variant</span>
</dd>"
rs188038289	"<dd>
<span>ALG12 : Intron Variant</span>
</dd>"
rs191920806	"<dd>
<span>ALG12 : Intron Variant</span>
</dd>"
rs150878661	"<dd>
<span>ALG12 : Intron Variant</span>
</dd>"
rs9616373	"<dd>
<span>ALG12 : Intron Variant</span>
</dd>"
rs183507892	"<dd>
<span>ALG12 : Intron Variant</span>
</dd>"
rs139736869	"<dd>
<span>ALG12 : Intron Variant</span>
</dd>"
rs8142631	"<dd>
<span>ALG12 : Intron Variant</span>
</dd>"
rs73443963	"<dd>
<span>ALG12 : Intron Variant</span>
</dd>"
rs146656522	"<dd>
<span>ALG12 : Intron Variant</span>
</dd>"
rs140248581	"<dd>
<span>ALG12 : Intron Variant</span>
</dd>"
rs187425694	"<dd>
<span>ALG12 : Intron Variant</span>
</dd>"
rs3883952	"<dd>
<span>ALG12 : Intron Variant</span>
</dd>"
rs4074304	"<dd>
<span>ALG12 : Intron Variant</span>
</dd>"
rs192226995	"<dd>
<span>ALG12 : Intron Variant</span>
</dd>"
rs184008273	"<dd>
<span>ALG12 : Intron Variant</span>
</dd>"
rs9627791	"<dd>
<span>ALG12 : Intron Variant</span>
</dd>"
rs61465012	"<dd>
<span>ALG12 : Intron Variant</span>
</dd>"
rs149060749	"<dd>
<span>ALG12 : Intron Variant</span>
</dd>"
rs112813072	"<dd>
<span>ALG12 : Intron Variant</span>
</dd>"
rs9616205	"<dd>
<span>ALG12 : Intron Variant</span>
</dd>"
rs187994023	"<dd>
<span>ALG12 : Intron Variant</span>
</dd>"
rs9616374	"<dd>
<span>ALG12 : Intron Variant</span>
</dd>"
rs55972549	"<dd>
<span>ALG12 : Intron Variant</span>
</dd>"
rs75839612	"<dd>
<span>ALG12 : Intron Variant</span>
</dd>"
rs73443968	"<dd>
<div>ALG12 : Intron Variant</div><span>CRELD2 : 2KB Upstream Variant</span>
</dd>"
rs9616375	"<dd>
<div>ALG12 : Intron Variant</div><span>CRELD2 : 2KB Upstream Variant</span>
</dd>"
rs192992771	"<dd>
<div>ALG12 : Intron Variant</div><span>CRELD2 : 2KB Upstream Variant</span>
</dd>"
rs78313798	"<dd>
<div>ALG12 : Intron Variant</div><span>CRELD2 : 2KB Upstream Variant</span>
</dd>"
rs184258077	"<dd>
<div>ALG12 : Intron Variant</div><span>CRELD2 : 2KB Upstream Variant</span>
</dd>"
rs9616376	"<dd>
<div>ALG12 : Intron Variant</div><span>CRELD2 : 2KB Upstream Variant</span>
</dd>"
rs9616206	"<dd>
<div>ALG12 : Intron Variant</div><span>CRELD2 : 2KB Upstream Variant</span>
</dd>"
rs9616377	"<dd>
<div>ALG12 : Intron Variant</div><span>CRELD2 : 2KB Upstream Variant</span>
</dd>"
rs79393060	N/A
rs28397081	"<dd>
<div>ALG12 : Intron Variant</div><span>CRELD2 : 2KB Upstream Variant</span>
</dd>"
rs147017708	"<dd>
<div>ALG12 : Intron Variant</div><span>CRELD2 : 2KB Upstream Variant</span>
</dd>"
rs189566669	"<dd>
<div>ALG12 : Intron Variant</div><span>CRELD2 : 2KB Upstream Variant</span>
</dd>"
rs12166055	"<dd>
<div>ALG12 : Intron Variant</div><span>CRELD2 : 2KB Upstream Variant</span>
</dd>"
rs11703207	"<dd>
<div>ALG12 : Intron Variant</div><span>CRELD2 : 2KB Upstream Variant</span>
</dd>"
rs141861124	"<dd>
<div>ALG12 : Intron Variant</div><span>CRELD2 : 2KB Upstream Variant</span>
</dd>"
rs150640302	"<dd>
<div>ALG12 : Intron Variant</div><span>CRELD2 : 2KB Upstream Variant</span>
</dd>"
rs9627793	"<dd>
<div>ALG12 : Intron Variant</div><span>CRELD2 : 2KB Upstream Variant</span>
</dd>"
rs80187840	"<dd>
<div>ALG12 : Intron Variant</div><span>CRELD2 : 2KB Upstream Variant</span>
</dd>"
rs9627794	"<dd>
<div>ALG12 : Intron Variant</div><span>CRELD2 : 2KB Upstream Variant</span>
</dd>"
rs80111492	"<dd>
<div>ALG12 : Intron Variant</div><span>CRELD2 : 2KB Upstream Variant</span>
</dd>"
rs116475114	"<dd>
<div>ALG12 : Intron Variant</div><span>CRELD2 : 2KB Upstream Variant</span>
</dd>"
rs181787620	"<dd>
<div>ALG12 : Intron Variant</div><span>CRELD2 : 2KB Upstream Variant</span>
</dd>"
rs184757311	"<dd>
<div>ALG12 : Intron Variant</div><span>CRELD2 : 2KB Upstream Variant</span>
</dd>"
rs13340054	"<dd>
<div>ALG12 : Intron Variant</div><span>CRELD2 : 2KB Upstream Variant</span>
</dd>"
rs144480882	"<dd>
<div>ALG12 : Intron Variant</div><span>CRELD2 : 2KB Upstream Variant</span>
</dd>"
rs113939496	"<dd>
<div>ALG12 : Intron Variant</div><span>CRELD2 : 2KB Upstream Variant</span>
</dd>"
rs73443969	"<dd>
<div>ALG12 : Intron Variant</div><span>CRELD2 : 2KB Upstream Variant</span>
</dd>"
rs9616378	"<dd>
<div>ALG12 : 5 Prime UTR Variant</div><span>CRELD2 : 2KB Upstream Variant</span>
</dd>"
rs146162801	"<dd>
<div>ALG12 : 5 Prime UTR Variant</div><span>CRELD2 : 2KB Upstream Variant</span>
</dd>"
rs113787911	"<dd>
<div>ALG12 : 5 Prime UTR Variant</div><span>CRELD2 : 2KB Upstream Variant</span>
</dd>"
rs9616379	"<dd>
<div>ALG12 : 5 Prime UTR Variant</div><span>CRELD2 : 2KB Upstream Variant</span>
</dd>"
rs9616380	"<dd>
<div>ALG12 : 2KB Upstream Variant</div><span>CRELD2 : 2KB Upstream Variant</span>
</dd>"
rs9616381	"<dd>
<div>CRELD2 : Non Coding Transcript Variant</div><span>ALG12 : 2KB Upstream Variant</span>
</dd>"
rs188771916	"<dd>
<div>CRELD2 : Non Coding Transcript Variant</div><span>ALG12 : 2KB Upstream Variant</span>
</dd>"
rs181555967	"<dd>
<div>CRELD2 : Non Coding Transcript Variant</div><span>ALG12 : 2KB Upstream Variant</span>
</dd>"
rs139081265	"<dd>
<div>CRELD2 : Missense Variant</div><span>ALG12 : 2KB Upstream Variant</span>
</dd>"
rs113143399	"<dd>
<div>CRELD2 : Synonymous Variant</div><span>ALG12 : 2KB Upstream Variant</span>
</dd>"
rs58375955	"<dd>
<div>CRELD2 : Intron Variant</div><span>ALG12 : 2KB Upstream Variant</span>
</dd>"
rs60284719	"<dd>
<div>CRELD2 : Intron Variant</div><span>ALG12 : 2KB Upstream Variant</span>
</dd>"
rs187150875	"<dd>
<div>CRELD2 : Intron Variant</div><span>ALG12 : 2KB Upstream Variant</span>
</dd>"
rs149698991	"<dd>
<div>CRELD2 : Intron Variant</div><span>ALG12 : 2KB Upstream Variant</span>
</dd>"
rs147818969	"<dd>
<div>CRELD2 : Intron Variant</div><span>ALG12 : 2KB Upstream Variant</span>
</dd>"
rs61136468	"<dd>
<div>CRELD2 : Intron Variant</div><span>ALG12 : 2KB Upstream Variant</span>
</dd>"
rs191156794	"<dd>
<div>CRELD2 : Intron Variant</div><span>ALG12 : 2KB Upstream Variant</span>
</dd>"
rs79431035	"<dd>
<div>CRELD2 : Intron Variant</div><span>ALG12 : 2KB Upstream Variant</span>
</dd>"
rs181556467	"<dd>
<div>CRELD2 : Intron Variant</div><span>ALG12 : 2KB Upstream Variant</span>
</dd>"
rs185875841	"<dd>
<div>CRELD2 : Intron Variant</div><span>ALG12 : 2KB Upstream Variant</span>
</dd>"
rs28562884	"<dd>
<div>CRELD2 : Intron Variant</div><span>ALG12 : 2KB Upstream Variant</span>
</dd>"
rs9616382	"<dd>
<div>CRELD2 : Intron Variant</div><span>ALG12 : 2KB Upstream Variant</span>
</dd>"
rs9616383	"<dd>
<div>CRELD2 : Intron Variant</div><span>ALG12 : 2KB Upstream Variant</span>
</dd>"
rs9616384	"<dd>
<div>CRELD2 : Intron Variant</div><span>ALG12 : 2KB Upstream Variant</span>
</dd>"
rs9616385	"<dd>
<div>CRELD2 : Intron Variant</div><span>ALG12 : 2KB Upstream Variant</span>
</dd>"
rs9616386	"<dd>
<div>CRELD2 : Intron Variant</div><span>ALG12 : 2KB Upstream Variant</span>
</dd>"
rs147007997	"<dd>
<div>CRELD2 : Intron Variant</div><span>ALG12 : 2KB Upstream Variant</span>
</dd>"
rs112258904	"<dd>
<div>CRELD2 : Intron Variant</div><span>ALG12 : 2KB Upstream Variant</span>
</dd>"
rs9616387	"<dd>
<div>CRELD2 : Intron Variant</div><span>ALG12 : 2KB Upstream Variant</span>
</dd>"
rs11348046	"<dd>
<div>CRELD2 : Intron Variant</div><span>ALG12 : 2KB Upstream Variant</span>
</dd>"
rs191124382	"<dd>
<div>CRELD2 : Intron Variant</div><span>ALG12 : 2KB Upstream Variant</span>
</dd>"
rs183268793	"<dd>
<div>CRELD2 : Intron Variant</div><span>ALG12 : 2KB Upstream Variant</span>
</dd>"
rs187932367	"<dd>
<div>CRELD2 : Intron Variant</div><span>ALG12 : 2KB Upstream Variant</span>
</dd>"
rs8137331	"<dd>
<div>CRELD2 : Intron Variant</div><span>ALG12 : 2KB Upstream Variant</span>
</dd>"
rs9616208	"<dd>
<div>CRELD2 : Intron Variant</div><span>ALG12 : 2KB Upstream Variant</span>
</dd>"
rs9616388	"<dd>
<div>CRELD2 : Synonymous Variant</div><span>ALG12 : 2KB Upstream Variant</span>
</dd>"
rs147653734	"<dd>
<div>CRELD2 : Missense Variant</div><span>ALG12 : 2KB Upstream Variant</span>
</dd>"
rs149112831	"<dd>
<div>CRELD2 : Missense Variant</div><span>ALG12 : 2KB Upstream Variant</span>
</dd>"
rs190455134	"<dd>
<div>CRELD2 : Intron Variant</div><span>ALG12 : 2KB Upstream Variant</span>
</dd>"
rs116714068	"<dd>
<div>CRELD2 : Intron Variant</div><span>ALG12 : 2KB Upstream Variant</span>
</dd>"
rs7410773	"<dd>
<div>CRELD2 : Intron Variant</div><span>ALG12 : 2KB Upstream Variant</span>
</dd>"
rs79137702	"<dd>
<div>CRELD2 : Synonymous Variant</div><span>ALG12 : 2KB Upstream Variant</span>
</dd>"
rs143216272	"<dd>
<div>CRELD2 : Missense Variant</div><span>ALG12 : 2KB Upstream Variant</span>
</dd>"
rs111385776	"<dd>
<div>CRELD2 : Synonymous Variant</div><span>ALG12 : 2KB Upstream Variant</span>
</dd>"
rs114332575	"<dd>
<div>CRELD2 : Missense Variant</div><span>ALG12 : 2KB Upstream Variant</span>
</dd>"
rs183002505	"<dd>
<div>CRELD2 : Intron Variant</div><span>ALG12 : 2KB Upstream Variant</span>
</dd>"
rs188793094	"<dd>
<div>CRELD2 : Intron Variant</div><span>ALG12 : 2KB Upstream Variant</span>
</dd>"
rs75311970	"<dd>
<div>CRELD2 : Intron Variant</div><span>ALG12 : 2KB Upstream Variant</span>
</dd>"
rs9616389	"<dd>
<div>CRELD2 : Intron Variant</div><span>ALG12 : 2KB Upstream Variant</span>
</dd>"
rs192635232	"<dd>
<div>CRELD2 : Intron Variant</div><span>ALG12 : 2KB Upstream Variant</span>
</dd>"
rs74371371	"<dd>
<div>CRELD2 : Intron Variant</div><span>ALG12 : 2KB Upstream Variant</span>
</dd>"
rs148303041	"<dd>
<span>CRELD2 : Intron Variant</span>
</dd>"
rs184965755	"<dd>
<span>CRELD2 : Intron Variant</span>
</dd>"
rs11912909	"<dd>
<span>CRELD2 : Intron Variant</span>
</dd>"
rs9616390	"<dd>
<span>CRELD2 : Intron Variant</span>
</dd>"
rs73443974	"<dd>
<span>CRELD2 : Intron Variant</span>
</dd>"
rs7284417	"<dd>
<span>CRELD2 : Intron Variant</span>
</dd>"
rs141452796	"<dd>
<span>CRELD2 : Intron Variant</span>
</dd>"
rs115627022	"<dd>
<span>CRELD2 : Intron Variant</span>
</dd>"
rs145721315	"<dd>
<span>CRELD2 : Intron Variant</span>
</dd>"
rs9616391	"<dd>
<span>CRELD2 : Intron Variant</span>
</dd>"
rs138401433	"<dd>
<span>CRELD2 : Intron Variant</span>
</dd>"
rs142997292	"<dd>
<span>CRELD2 : Intron Variant</span>
</dd>"
rs146151513	"<dd>
<span>CRELD2 : Intron Variant</span>
</dd>"
rs9616392	"<dd>
<span>CRELD2 : Intron Variant</span>
</dd>"
rs75850292	"<dd>
<span>CRELD2 : Intron Variant</span>
</dd>"
rs187479038	"<dd>
<span>CRELD2 : Intron Variant</span>
</dd>"
rs191307878	"<dd>
<span>CRELD2 : Intron Variant</span>
</dd>"
rs9616393	"<dd>
<span>CRELD2 : Intron Variant</span>
</dd>"
rs184516155	"<dd>
<span>CRELD2 : Intron Variant</span>
</dd>"
rs9616394	"<dd>
<span>CRELD2 : Intron Variant</span>
</dd>"
rs139946841	"<dd>
<span>CRELD2 : Intron Variant</span>
</dd>"
rs116400080	"<dd>
<span>CRELD2 : Intron Variant</span>
</dd>"
rs189301333	"<dd>
<span>CRELD2 : Intron Variant</span>
</dd>"
rs149435871	"<dd>
<span>CRELD2 : Intron Variant</span>
</dd>"
rs8135120	"<dd>
<span>CRELD2 : Intron Variant</span>
</dd>"
rs143858142	"<dd>
<span>CRELD2 : Synonymous Variant</span>
</dd>"
rs148619787	"<dd>
<span>CRELD2 : Synonymous Variant</span>
</dd>"
rs144291562	"<dd>
<span>CRELD2 : Missense Variant</span>
</dd>"
rs8139422	"<dd>
<span>CRELD2 : Missense Variant</span>
</dd>"
rs74510325	"<dd>
<span>CRELD2 : Missense Variant</span>
</dd>"
rs28473584	"<dd>
<span>CRELD2 : Intron Variant</span>
</dd>"
rs8138558	"<dd>
<span>CRELD2 : Intron Variant</span>
</dd>"
rs58550845	"<dd>
<span>CRELD2 : Intron Variant</span>
</dd>"
rs147808627	"<dd>
<span>CRELD2 : Synonymous Variant</span>
</dd>"
rs12170220	"<dd>
<span>CRELD2 : Missense Variant</span>
</dd>"
rs185118175	"<dd>
<span>CRELD2 : Intron Variant</span>
</dd>"
rs190358171	"<dd>
<span>CRELD2 : Intron Variant</span>
</dd>"
rs145188424	"<dd>
<span>CRELD2 : Intron Variant</span>
</dd>"
rs58888255	"<dd>
<span>CRELD2 : Intron Variant</span>
</dd>"
rs147617213	"<dd>
<span>CRELD2 : Intron Variant</span>
</dd>"
rs73443976	"<dd>
<span>CRELD2 : Intron Variant</span>
</dd>"
rs138731249	"<dd>
<span>CRELD2 : Intron Variant</span>
</dd>"
rs75892493	"<dd>
<span>CRELD2 : Intron Variant</span>
</dd>"
rs181186038	"<dd>
<span>CRELD2 : Intron Variant</span>
</dd>"
rs117735284	"<dd>
<span>CRELD2 : Intron Variant</span>
</dd>"
rs7410765	"<dd>
<span>CRELD2 : Intron Variant</span>
</dd>"
rs7410274	"<dd>
<span>CRELD2 : Intron Variant</span>
</dd>"
rs12163497	"<dd>
<span>CRELD2 : Intron Variant</span>
</dd>"
rs7410276	"<dd>
<span>CRELD2 : Synonymous Variant</span>
</dd>"
rs73891177	"<dd>
<span>CRELD2 : Missense Variant</span>
</dd>"
rs12160965	"<dd>
<span>CRELD2 : Synonymous Variant</span>
</dd>"
rs114824010	"<dd>
<span>CRELD2 : Missense Variant</span>
</dd>"
rs111939483	"<dd>
<span>CRELD2 : Missense Variant</span>
</dd>"
rs145697592	"<dd>
<span>CRELD2 : Missense Variant</span>
</dd>"
rs186623329	"<dd>
<span>CRELD2 : Missense Variant</span>
</dd>"
rs189692296	"<dd>
<span>CRELD2 : Intron Variant</span>
</dd>"
rs180893288	"<dd>
<span>CRELD2 : Intron Variant</span>
</dd>"
rs9616209	"<dd>
<span>CRELD2 : Intron Variant</span>
</dd>"
rs12171243	"<dd>
<span>CRELD2 : Intron Variant</span>
</dd>"
rs12152125	"<dd>
<span>CRELD2 : Intron Variant</span>
</dd>"
rs190968664	"<dd>
<span>CRELD2 : Intron Variant</span>
</dd>"
rs61510346	"<dd>
<span>CRELD2 : Intron Variant</span>
</dd>"
rs56351880	"<dd>
<span>CRELD2 : Intron Variant</span>
</dd>"
rs148937327	"<dd>
<span>CRELD2 : Intron Variant</span>
</dd>"
rs80177491	"<dd>
<span>CRELD2 : Intron Variant</span>
</dd>"
rs56265042	"<dd>
<span>CRELD2 : Intron Variant</span>
</dd>"
rs7410304	"<dd>
<span>CRELD2 : Intron Variant</span>
</dd>"
rs111557567	"<dd>
<span>CRELD2 : Synonymous Variant</span>
</dd>"
rs143760812	"<dd>
<span>CRELD2 : Missense Variant</span>
</dd>"
rs145684970	"<dd>
<span>CRELD2 : Missense Variant</span>
</dd>"
rs139427507	"<dd>
<span>CRELD2 : Synonymous Variant</span>
</dd>"
rs114717108	"<dd>
<span>CRELD2 : Non Coding Transcript Variant</span>
</dd>"
rs7410318	"<dd>
<span>CRELD2 : Non Coding Transcript Variant</span>
</dd>"
rs73181164	"<dd>
<span>CRELD2 : Intron Variant</span>
</dd>"
rs7410601	"<dd>
<span>CRELD2 : Intron Variant</span>
</dd>"
rs182799796	"<dd>
<span>CRELD2 : Intron Variant</span>
</dd>"
rs78134869	"<dd>
<span>CRELD2 : Intron Variant</span>
</dd>"
rs7410612	"<dd>
<span>CRELD2 : Intron Variant</span>
</dd>"
rs7410537	"<dd>
<span>CRELD2 : Intron Variant</span>
</dd>"
rs188268529	"<dd>
<span>CRELD2 : Intron Variant</span>
</dd>"
rs9616210	"<dd>
<span>CRELD2 : Intron Variant</span>
</dd>"
rs11912619	"<dd>
<span>CRELD2 : Intron Variant</span>
</dd>"
rs71711537	"<dd>
<span>CRELD2 : Intron Variant</span>
</dd>"
rs191858878	"<dd>
<span>CRELD2 : Intron Variant</span>
</dd>"
rs9627797	"<dd>
<span>CRELD2 : Intron Variant</span>
</dd>"
rs9616211	"<dd>
<span>CRELD2 : Intron Variant</span>
</dd>"
rs9616212	"<dd>
<span>CRELD2 : Intron Variant</span>
</dd>"
rs12168949	"<dd>
<span>CRELD2 : Intron Variant</span>
</dd>"
rs9616395	"<dd>
<span>CRELD2 : Intron Variant</span>
</dd>"
rs9616396	"<dd>
<span>CRELD2 : Intron Variant</span>
</dd>"
rs9616213	"<dd>
<span>CRELD2 : Intron Variant</span>
</dd>"
rs9627798	"<dd>
<span>CRELD2 : Intron Variant</span>
</dd>"
rs142854078	"<dd>
<span>CRELD2 : Intron Variant</span>
</dd>"
rs182162003	"<dd>
<span>CRELD2 : Intron Variant</span>
</dd>"
rs9627799	"<dd>
<span>CRELD2 : Intron Variant</span>
</dd>"
rs113168785	"<dd>
<span>CRELD2 : Missense Variant</span>
</dd>"
rs148356973	"<dd>
<span>CRELD2 : Synonymous Variant</span>
</dd>"
rs115155882	"<dd>
<span>CRELD2 : Missense Variant</span>
</dd>"
rs186783231	"<dd>
<span>CRELD2 : Intron Variant</span>
</dd>"
rs116175248	"<dd>
<span>CRELD2 : Intron Variant</span>
</dd>"
rs192419536	"<dd>
<span>CRELD2 : Intron Variant</span>
</dd>"
rs7290751	"<dd>
<span>CRELD2 : Intron Variant</span>
</dd>"
rs141565628	"<dd>
<span>CRELD2 : Intron Variant</span>
</dd>"
rs12170530	"<dd>
<span>CRELD2 : Intron Variant</span>
</dd>"
rs185780803	"<dd>
<span>CRELD2 : Intron Variant</span>
</dd>"
rs113800028	"<dd>
<span>CRELD2 : Intron Variant</span>
</dd>"
rs144434757	"<dd>
<span>CRELD2 : Intron Variant</span>
</dd>"
rs139790283	"<dd>
<span>CRELD2 : Intron Variant</span>
</dd>"
rs112352679	"<dd>
<span>CRELD2 : Intron Variant</span>
</dd>"
rs7291072	"<dd>
<span>CRELD2 : Intron Variant</span>
</dd>"
rs9616397	"<dd>
<span>CRELD2 : Intron Variant</span>
</dd>"
rs189862150	"<dd>
<span>CRELD2 : Intron Variant</span>
</dd>"
rs145146257	"<dd>
<span>CRELD2 : Intron Variant</span>
</dd>"
rs144007559	"<dd>
<span>CRELD2 : Intron Variant</span>
</dd>"
rs193164989	"<dd>
<span>CRELD2 : Intron Variant</span>
</dd>"
rs12170023	"<dd>
<span>CRELD2 : Intron Variant</span>
</dd>"
rs9616214	"<dd>
<span>CRELD2 : Intron Variant</span>
</dd>"
rs12170409	"<dd>
<span>CRELD2 : Intron Variant</span>
</dd>"
rs12170411	"<dd>
<span>CRELD2 : Intron Variant</span>
</dd>"
rs12170412	"<dd>
<span>CRELD2 : Intron Variant</span>
</dd>"
rs184567550	"<dd>
<span>CRELD2 : Intron Variant</span>
</dd>"
rs9616215	"<dd>
<span>CRELD2 : Intron Variant</span>
</dd>"
rs188667331	"<dd>
<span>CRELD2 : Intron Variant</span>
</dd>"
rs9616216	"<dd>
<span>CRELD2 : Intron Variant</span>
</dd>"
rs9616217	"<dd>
<span>CRELD2 : Intron Variant</span>
</dd>"
rs141284199	"<dd>
<span>CRELD2 : Intron Variant</span>
</dd>"
rs181383668	"<dd>
<span>CRELD2 : Intron Variant</span>
</dd>"
rs145071099	"<dd>
<span>CRELD2 : Synonymous Variant</span>
</dd>"
rs11545762	"<dd>
<span>CRELD2 : Missense Variant</span>
</dd>"
rs185226570	"<dd>
<span>CRELD2 : Synonymous Variant</span>
</dd>"
rs151259822	"<dd>
<span>CRELD2 : Synonymous Variant</span>
</dd>"
rs140492729	"<dd>
<span>CRELD2 : Synonymous Variant</span>
</dd>"
rs138885694	"<dd>
<span>CRELD2 : Missense Variant</span>
</dd>"
rs78676969	N/A
rs146895572	"<dd>
<span>CRELD2 : Synonymous Variant</span>
</dd>"
rs191387531	"<dd>
<span>CRELD2 : Missense Variant</span>
</dd>"
rs148991799	"<dd>
<span>CRELD2 : Synonymous Variant</span>
</dd>"
rs115949436	"<dd>
<span>CRELD2 : Missense Variant</span>
</dd>"
rs56865312	"<dd>
<span>CRELD2 : Synonymous Variant</span>
</dd>"
rs9627800	"<dd>
<span>CRELD2 : Intron Variant</span>
</dd>"
rs143817329	"<dd>
<span>CRELD2 : Intron Variant</span>
</dd>"
rs148154749	"<dd>
<span>CRELD2 : Intron Variant</span>
</dd>"
rs113281272	"<dd>
<span>CRELD2 : Intron Variant</span>
</dd>"
rs144107721	"<dd>
<span>CRELD2 : Intron Variant</span>
</dd>"
rs147343190	"<dd>
<span>CRELD2 : Intron Variant</span>
</dd>"
rs137928682	"<dd>
<span>CRELD2 : Intron Variant</span>
</dd>"
rs62234019	"<dd>
<span>CRELD2 : Intron Variant</span>
</dd>"
rs143500346	"<dd>
<span>CRELD2 : Intron Variant</span>
</dd>"
rs150544933	"<dd>
<span>CRELD2 : Intron Variant</span>
</dd>"
rs80232828	"<dd>
<span>CRELD2 : Intron Variant</span>
</dd>"
rs183641968	"<dd>
<span>CRELD2 : Intron Variant</span>
</dd>"
rs149730728	"<dd>
<span>CRELD2 : Intron Variant</span>
</dd>"
rs114960760	"<dd>
<span>CRELD2 : Intron Variant</span>
</dd>"
rs80330007	"<dd>
<span>CRELD2 : Intron Variant</span>
</dd>"
rs144548793	"<dd>
<span>CRELD2 : Intron Variant</span>
</dd>"
rs73891179	"<dd>
<span>CRELD2 : Intron Variant</span>
</dd>"
rs10854860	"<dd>
<span>CRELD2 : Intron Variant</span>
</dd>"
rs11090920	"<dd>
<span>CRELD2 : Intron Variant</span>
</dd>"
rs79946678	"<dd>
<span>CRELD2 : Intron Variant</span>
</dd>"
rs146540871	"<dd>
<span>CRELD2 : Intron Variant</span>
</dd>"
rs7364192	"<dd>
<span>CRELD2 : Intron Variant</span>
</dd>"
rs112702221	"<dd>
<span>CRELD2 : Intron Variant</span>
</dd>"
rs190054389	"<dd>
<div>CRELD2 : Intron Variant</div><span>LOC107985553 : 500B Downstream Variant</span>
</dd>"
rs182641835	"<dd>
<div>CRELD2 : Intron Variant</div><span>LOC107985553 : 500B Downstream Variant</span>
</dd>"
rs186567444	"<dd>
<div>CRELD2 : Intron Variant</div><span>LOC107985553 : 500B Downstream Variant</span>
</dd>"
rs141255855	"<dd>
<div>CRELD2 : Intron Variant</div><span>LOC107985553 : 500B Downstream Variant</span>
</dd>"
rs191351342	"<dd>
<div>CRELD2 : Intron Variant</div><span>LOC107985553 : 500B Downstream Variant</span>
</dd>"
rs79091988	"<dd>
<div>CRELD2 : Intron Variant</div><span>LOC107985553 : 500B Downstream Variant</span>
</dd>"
rs151286715	"<dd>
<div>CRELD2 : Missense Variant</div><span>LOC107985553 : 500B Downstream Variant</span>
</dd>"
rs1608	"<dd>
<div>CRELD2 : Synonymous Variant</div><span>LOC107985553 : 500B Downstream Variant</span>
</dd>"
rs183678533	"<dd>
<div>CRELD2 : Non Coding Transcript Variant</div><span>LOC107985553 : 500B Downstream Variant</span>
</dd>"
rs74379580	"<dd>
<div>CRELD2 : Non Coding Transcript Variant</div><span>LOC107985553 : 500B Downstream Variant</span>
</dd>"
rs140500145	"<dd>
<div>CRELD2 : 500B Downstream Variant</div><span>LOC107985553 : Non Coding Transcript Variant</span>
</dd>"
rs73443986	"<dd>
<div>CRELD2 : 500B Downstream Variant</div><span>LOC107985553 : Non Coding Transcript Variant</span>
</dd>"
rs150445531	"<dd>
<div>CRELD2 : 500B Downstream Variant</div><span>LOC107985553 : Non Coding Transcript Variant</span>
</dd>"
rs11703995	"<dd>
<div>CRELD2 : 500B Downstream Variant</div><span>LOC107985553 : Non Coding Transcript Variant</span>
</dd>"
rs73891180	"<dd>
<div>CRELD2 : 500B Downstream Variant</div><span>LOC107985553 : Non Coding Transcript Variant</span>
</dd>"
rs75995685	"<dd>
<div>CRELD2 : 500B Downstream Variant</div><span>LOC107985553 : Non Coding Transcript Variant</span>
</dd>"
rs142609837	"<dd>
<div>CRELD2 : 500B Downstream Variant</div><span>LOC107985553 : Non Coding Transcript Variant</span>
</dd>"
rs114198837	"<dd>
<div>CRELD2 : 500B Downstream Variant</div><span>LOC107985553 : Non Coding Transcript Variant</span>
</dd>"
rs146911583	"<dd>
<div>CRELD2 : 500B Downstream Variant</div><span>LOC107985553 : Non Coding Transcript Variant</span>
</dd>"
rs7287579	"<dd>
<div>CRELD2 : 500B Downstream Variant</div><span>LOC107985553 : Non Coding Transcript Variant</span>
</dd>"
rs73891181	"<dd>
<span>LOC107985553 : Non Coding Transcript Variant</span>
</dd>"
rs189074207	"<dd>
<span>LOC107985553 : Non Coding Transcript Variant</span>
</dd>"
rs11442399	"<dd>
<span>LOC107985553 : Non Coding Transcript Variant</span>
</dd>"
rs143460685	"<dd>
<span>LOC107985553 : Non Coding Transcript Variant</span>
</dd>"
rs7410486	"<dd>
<span>LOC107985553 : Non Coding Transcript Variant</span>
</dd>"
rs11913611	"<dd>
<span>LOC107985553 : Non Coding Transcript Variant</span>
</dd>"
rs11913697	"<dd>
<span>LOC107985553 : Non Coding Transcript Variant</span>
</dd>"
rs7410416	"<dd>
<span>LOC107985553 : Non Coding Transcript Variant</span>
</dd>"
rs7410766	"<dd>
<span>LOC107985553 : Non Coding Transcript Variant</span>
</dd>"
rs56919306	"<dd>
<span>LOC107985553 : Non Coding Transcript Variant</span>
</dd>"
rs11704718	"<dd>
<span>LOC107985553 : Non Coding Transcript Variant</span>
</dd>"
rs11704915	"<dd>
<span>LOC107985553 : Non Coding Transcript Variant</span>
</dd>"
rs185247547	"<dd>
<span>LOC107985553 : Non Coding Transcript Variant</span>
</dd>"
rs62234021	"<dd>
<span>LOC107985553 : Non Coding Transcript Variant</span>
</dd>"
rs148207100	"<dd>
<span>LOC107985553 : Non Coding Transcript Variant</span>
</dd>"
rs141208630	"<dd>
<span>LOC107985553 : Non Coding Transcript Variant</span>
</dd>"
rs9616399	"<dd>
<span>LOC107985553 : Non Coding Transcript Variant</span>
</dd>"
rs150762057	"<dd>
<span>LOC107985553 : Non Coding Transcript Variant</span>
</dd>"
rs189179355	"<dd>
<span>LOC107985553 : Non Coding Transcript Variant</span>
</dd>"
rs73443988	"<dd>
<span>LOC107985553 : Non Coding Transcript Variant</span>
</dd>"
rs114332724	"<dd>
<span>LOC107985553 : Non Coding Transcript Variant</span>
</dd>"
rs79192373	"<dd>
<span>LOC107985553 : Intron Variant</span>
</dd>"
rs191681658	"<dd>
<span>LOC107985553 : Intron Variant</span>
</dd>"
rs118086407	"<dd>
<span>LOC107985553 : Intron Variant</span>
</dd>"
rs62234022	"<dd>
<span>LOC107985553 : Intron Variant</span>
</dd>"
rs184227149	"<dd>
<span>LOC107985553 : Non Coding Transcript Variant</span>
</dd>"
rs139336095	"<dd>
<span>LOC107985553 : 2KB Upstream Variant</span>
</dd>"
rs111388878	"<dd>
<span>LOC107985553 : 2KB Upstream Variant</span>
</dd>"
rs180900811	"<dd>
<span>LOC107985553 : 2KB Upstream Variant</span>
</dd>"
rs142651356	"<dd>
<span>LOC107985553 : 2KB Upstream Variant</span>
</dd>"
rs114727722	"<dd>
<span>LOC107985553 : 2KB Upstream Variant</span>
</dd>"
rs186134034	"<dd>
<span>LOC107985553 : 2KB Upstream Variant</span>
</dd>"
rs28686885	"<dd>
<span>LOC107985553 : 2KB Upstream Variant</span>
</dd>"
rs190586515	"<dd>
<span>LOC107985553 : 2KB Upstream Variant</span>
</dd>"
rs62234023	"<dd>
<span>LOC107985553 : 2KB Upstream Variant</span>
</dd>"
rs116047758	"<dd>
<span>LOC107985553 : 2KB Upstream Variant</span>
</dd>"
rs75443729	"<dd>
<span>LOC107985553 : 2KB Upstream Variant</span>
</dd>"
rs28648879	"<dd>
<span>LOC107985553 : 2KB Upstream Variant</span>
</dd>"
rs114247983	"<dd>
<span>LOC107985553 : 2KB Upstream Variant</span>
</dd>"
rs28378003	"<dd>
<span>LOC107985553 : 2KB Upstream Variant</span>
</dd>"
rs28578698	"<dd>
<span>LOC107985553 : 2KB Upstream Variant</span>
</dd>"
rs182244383	"<dd>
<span>LOC107985553 : 2KB Upstream Variant</span>
</dd>"
rs28435480	"<dd>
<span>LOC107985553 : 2KB Upstream Variant</span>
</dd>"
rs146043381	"<dd>
<span>LOC107985553 : 2KB Upstream Variant</span>
</dd>"
rs28493499	"<dd>
<span>LOC107985553 : 2KB Upstream Variant</span>
</dd>"
rs185791784	"<dd>
<span>LOC107985553 : 2KB Upstream Variant</span>
</dd>"
rs190596694	"<dd>
<span>LOC107985553 : 2KB Upstream Variant</span>
</dd>"
rs181082968	"<dd>
<span>LOC107985553 : 2KB Upstream Variant</span>
</dd>"
rs140023220	"<dd>
<span>LOC107985553 : 2KB Upstream Variant</span>
</dd>"
rs28434404	"<dd>
<span>LOC107985553 : 2KB Upstream Variant</span>
</dd>"
rs28372042	"<dd>
<span>LOC107985553 : 2KB Upstream Variant</span>
</dd>"
rs149759566	"<dd>
<span>LOC107985553 : 2KB Upstream Variant</span>
</dd>"
rs185517271	"<dd>
<span>LOC107985553 : 2KB Upstream Variant</span>
</dd>"
rs148525380	"<dd>
<span>LOC107985553 : 2KB Upstream Variant</span>
</dd>"
rs142882173	"<dd>
<div class=""gray"">None</div>
</dd>"
rs190601156	"<dd>
<div class=""gray"">None</div>
</dd>"
rs79093024	"<dd>
<div class=""gray"">None</div>
</dd>"
rs142573190	"<dd>
<div class=""gray"">None</div>
</dd>"
rs28373307	"<dd>
<div class=""gray"">None</div>
</dd>"
rs182846491	"<dd>
<div class=""gray"">None</div>
</dd>"
rs115237081	"<dd>
<div class=""gray"">None</div>
</dd>"
rs73181176	"<dd>
<div class=""gray"">None</div>
</dd>"
rs187741751	"<dd>
<div class=""gray"">None</div>
</dd>"
rs147968792	"<dd>
<div class=""gray"">None</div>
</dd>"
rs80051013	"<dd>
<div class=""gray"">None</div>
</dd>"
rs140603828	"<dd>
<div class=""gray"">None</div>
</dd>"
rs73443996	"<dd>
<div class=""gray"">None</div>
</dd>"
rs28703242	"<dd>
<div class=""gray"">None</div>
</dd>"
rs28417096	"<dd>
<div class=""gray"">None</div>
</dd>"
rs115368812	"<dd>
<div class=""gray"">None</div>
</dd>"
rs116836187	"<dd>
<div class=""gray"">None</div>
</dd>"
rs150076662	"<dd>
<div class=""gray"">None</div>
</dd>"
rs28707249	"<dd>
<div class=""gray"">None</div>
</dd>"
rs192195989	"<dd>
<div class=""gray"">None</div>
</dd>"
rs183466580	"<dd>
<div class=""gray"">None</div>
</dd>"
rs149266090	"<dd>
<div class=""gray"">None</div>
</dd>"
rs187398476	"<dd>
<div class=""gray"">None</div>
</dd>"
rs192186928	"<dd>
<div class=""gray"">None</div>
</dd>"
rs143517080	"<dd>
<div class=""gray"">None</div>
</dd>"
rs183977333	"<dd>
<div class=""gray"">None</div>
</dd>"
rs138018212	"<dd>
<div class=""gray"">None</div>
</dd>"
rs187137182	"<dd>
<div class=""gray"">None</div>
</dd>"
rs142613251	"<dd>
<div class=""gray"">None</div>
</dd>"
rs62234024	"<dd>
<div class=""gray"">None</div>
</dd>"
rs146001173	"<dd>
<div class=""gray"">None</div>
</dd>"
rs62234025	"<dd>
<div class=""gray"">None</div>
</dd>"
rs62234026	"<dd>
<div class=""gray"">None</div>
</dd>"
rs28734791	"<dd>
<div class=""gray"">None</div>
</dd>"
rs139950451	"<dd>
<div class=""gray"">None</div>
</dd>"
rs141367056	"<dd>
<div class=""gray"">None</div>
</dd>"
rs192779918	"<dd>
<div class=""gray"">None</div>
</dd>"
rs150817465	"<dd>
<div class=""gray"">None</div>
</dd>"
rs28516386	"<dd>
<div class=""gray"">None</div>
</dd>"
rs28453960	"<dd>
<div class=""gray"">None</div>
</dd>"
rs139267809	"<dd>
<div class=""gray"">None</div>
</dd>"
rs116014011	"<dd>
<div class=""gray"">None</div>
</dd>"
rs79206784	"<dd>
<div class=""gray"">None</div>
</dd>"
rs113582292	"<dd>
<div class=""gray"">None</div>
</dd>"
rs28622317	"<dd>
<div class=""gray"">None</div>
</dd>"
rs147704120	"<dd>
<div class=""gray"">None</div>
</dd>"
rs140916723	"<dd>
<div class=""gray"">None</div>
</dd>"
rs184396137	"<dd>
<div class=""gray"">None</div>
</dd>"
rs28649194	"<dd>
<div class=""gray"">None</div>
</dd>"
rs75868168	"<dd>
<div class=""gray"">None</div>
</dd>"
rs144774383	"<dd>
<div class=""gray"">None</div>
</dd>"
rs147932018	"<dd>
<div class=""gray"">None</div>
</dd>"
rs28623210	"<dd>
<div class=""gray"">None</div>
</dd>"
rs148997810	"<dd>
<div class=""gray"">None</div>
</dd>"
rs189294336	"<dd>
<div class=""gray"">None</div>
</dd>"
rs116643340	"<dd>
<div class=""gray"">None</div>
</dd>"
rs114196268	"<dd>
<div class=""gray"">None</div>
</dd>"
rs28608875	"<dd>
<div class=""gray"">None</div>
</dd>"
rs143829612	"<dd>
<div class=""gray"">None</div>
</dd>"
rs55708438	"<dd>
<div class=""gray"">None</div>
</dd>"
rs56008904	"<dd>
<div class=""gray"">None</div>
</dd>"
rs80180223	"<dd>
<div class=""gray"">None</div>
</dd>"
rs188788660	"<dd>
<div class=""gray"">None</div>
</dd>"
rs79860705	"<dd>
<div class=""gray"">None</div>
</dd>"
rs181564292	"<dd>
<div class=""gray"">None</div>
</dd>"
rs73444002	"<dd>
<div class=""gray"">None</div>
</dd>"
rs151139637	"<dd>
<div class=""gray"">None</div>
</dd>"
rs186054604	"<dd>
<div class=""gray"">None</div>
</dd>"
rs28652639	"<dd>
<div class=""gray"">None</div>
</dd>"
rs140137672	"<dd>
<div class=""gray"">None</div>
</dd>"
rs28516848	"<dd>
<div class=""gray"">None</div>
</dd>"
rs191384671	"<dd>
<div class=""gray"">None</div>
</dd>"
rs145346507	"<dd>
<div class=""gray"">None</div>
</dd>"
rs181417314	"<dd>
<div class=""gray"">None</div>
</dd>"
rs115322211	"<dd>
<div class=""gray"">None</div>
</dd>"
rs185969126	"<dd>
<div class=""gray"">None</div>
</dd>"
rs190842142	"<dd>
<div class=""gray"">None</div>
</dd>"
rs28690400	"<dd>
<div class=""gray"">None</div>
</dd>"
rs183243947	"<dd>
<div class=""gray"">None</div>
</dd>"
rs137911852	"<dd>
<div class=""gray"">None</div>
</dd>"
rs187904487	"<dd>
<div class=""gray"">None</div>
</dd>"
rs73891184	"<dd>
<div class=""gray"">None</div>
</dd>"
rs191208184	"<dd>
<div class=""gray"">None</div>
</dd>"
rs182996027	"<dd>
<div class=""gray"">None</div>
</dd>"
rs76433322	"<dd>
<div class=""gray"">None</div>
</dd>"
rs28393180	"<dd>
<div class=""gray"">None</div>
</dd>"
rs188502039	"<dd>
<div class=""gray"">None</div>
</dd>"
rs192864890	"<dd>
<div class=""gray"">None</div>
</dd>"
rs140915493	"<dd>
<div class=""gray"">None</div>
</dd>"
rs28460675	"<dd>
<div class=""gray"">None</div>
</dd>"
rs28470489	"<dd>
<div class=""gray"">None</div>
</dd>"
rs77228592	"<dd>
<div class=""gray"">None</div>
</dd>"
rs144742771	"<dd>
<div class=""gray"">None</div>
</dd>"
rs28451805	"<dd>
<div class=""gray"">None</div>
</dd>"
rs149317891	"<dd>
<div class=""gray"">None</div>
</dd>"
rs144642985	"<dd>
<div class=""gray"">None</div>
</dd>"
rs148084296	"<dd>
<div class=""gray"">None</div>
</dd>"
rs141864763	"<dd>
<div class=""gray"">None</div>
</dd>"
rs28523661	"<dd>
<div class=""gray"">None</div>
</dd>"
rs114353012	"<dd>
<div class=""gray"">None</div>
</dd>"
rs115364094	"<dd>
<div class=""gray"">None</div>
</dd>"
rs184874245	"<dd>
<div class=""gray"">None</div>
</dd>"
rs78026043	"<dd>
<div class=""gray"">None</div>
</dd>"
rs147245555	"<dd>
<div class=""gray"">None</div>
</dd>"
rs187748680	"<dd>
<div class=""gray"">None</div>
</dd>"
rs192368046	"<dd>
<div class=""gray"">None</div>
</dd>"
rs184537478	"<dd>
<div class=""gray"">None</div>
</dd>"
rs140771050	"<dd>
<div class=""gray"">None</div>
</dd>"
rs189315629	"<dd>
<div class=""gray"">None</div>
</dd>"
rs144735579	"<dd>
<div class=""gray"">None</div>
</dd>"
rs192670586	"<dd>
<div class=""gray"">None</div>
</dd>"
rs77002698	"<dd>
<div class=""gray"">None</div>
</dd>"
rs116837852	"<dd>
<div class=""gray"">None</div>
</dd>"
rs184281961	"<dd>
<div class=""gray"">None</div>
</dd>"
rs4073387	"<dd>
<div class=""gray"">None</div>
</dd>"
rs147501622	"<dd>
<div class=""gray"">None</div>
</dd>"
rs4073388	"<dd>
<div class=""gray"">None</div>
</dd>"
rs114900897	"<dd>
<div class=""gray"">None</div>
</dd>"
rs150059836	"<dd>
<div class=""gray"">None</div>
</dd>"
rs145434623	"<dd>
<div class=""gray"">None</div>
</dd>"
rs149220023	"<dd>
<div class=""gray"">None</div>
</dd>"
rs143961875	"<dd>
<div class=""gray"">None</div>
</dd>"
rs190102534	"<dd>
<div class=""gray"">None</div>
</dd>"
rs4073885	"<dd>
<div class=""gray"">None</div>
</dd>"
rs28376035	"<dd>
<div class=""gray"">None</div>
</dd>"
rs181147673	"<dd>
<div class=""gray"">None</div>
</dd>"
rs28405006	"<dd>
<div class=""gray"">None</div>
</dd>"
rs28612446	"<dd>
<div class=""gray"">None</div>
</dd>"
rs140339503	"<dd>
<div class=""gray"">None</div>
</dd>"
rs62234028	"<dd>
<div class=""gray"">None</div>
</dd>"
rs186377107	"<dd>
<div class=""gray"">None</div>
</dd>"
rs62234029	"<dd>
<div class=""gray"">None</div>
</dd>"
rs75375675	"<dd>
<div class=""gray"">None</div>
</dd>"
rs28722130	"<dd>
<div class=""gray"">None</div>
</dd>"
rs150375305	"<dd>
<div class=""gray"">None</div>
</dd>"
rs189266731	"<dd>
<div class=""gray"">None</div>
</dd>"
rs180859134	"<dd>
<div class=""gray"">None</div>
</dd>"
rs117796274	"<dd>
<div class=""gray"">None</div>
</dd>"
rs185462397	"<dd>
<div class=""gray"">None</div>
</dd>"
rs28600944	"<dd>
<div class=""gray"">None</div>
</dd>"
rs114406427	"<dd>
<div class=""gray"">None</div>
</dd>"
rs190962574	"<dd>
<div class=""gray"">None</div>
</dd>"
rs143735874	"<dd>
<div class=""gray"">None</div>
</dd>"
rs76125895	"<dd>
<div class=""gray"">None</div>
</dd>"
rs78602000	"<dd>
<div class=""gray"">None</div>
</dd>"
rs139057544	"<dd>
<div class=""gray"">None</div>
</dd>"
rs117227860	"<dd>
<div class=""gray"">None</div>
</dd>"
rs183496054	"<dd>
<div class=""gray"">None</div>
</dd>"
rs143085536	"<dd>
<div class=""gray"">None</div>
</dd>"
rs186863582	"<dd>
<div class=""gray"">None</div>
</dd>"
rs147494457	"<dd>
<div class=""gray"">None</div>
</dd>"
rs148559677	"<dd>
<div class=""gray"">None</div>
</dd>"
rs114093594	"<dd>
<div class=""gray"">None</div>
</dd>"
rs191655893	"<dd>
<div class=""gray"">None</div>
</dd>"
rs142900433	"<dd>
<div class=""gray"">None</div>
</dd>"
rs28470568	"<dd>
<div class=""gray"">None</div>
</dd>"
rs183121241	"<dd>
<div class=""gray"">None</div>
</dd>"
rs77321569	"<dd>
<div class=""gray"">None</div>
</dd>"
rs139952625	"<dd>
<div class=""gray"">None</div>
</dd>"
rs188004042	"<dd>
<div class=""gray"">None</div>
</dd>"
rs71758248	N/A
rs191871297	"<dd>
<div class=""gray"">None</div>
</dd>"
rs28759049	"<dd>
<div class=""gray"">None</div>
</dd>"
rs35381409	"<dd>
<div class=""gray"">None</div>
</dd>"
rs182175046	"<dd>
<div class=""gray"">None</div>
</dd>"
rs186779189	"<dd>
<div class=""gray"">None</div>
</dd>"
rs62234033	"<dd>
<div class=""gray"">None</div>
</dd>"
rs116207172	"<dd>
<div class=""gray"">None</div>
</dd>"
rs192412194	"<dd>
<div class=""gray"">None</div>
</dd>"
rs71810320	"<dd>
<div class=""gray"">None</div>
</dd>"
rs71746120	"<dd>
<div class=""gray"">None</div>
</dd>"
rs140833953	"<dd>
<div class=""gray"">None</div>
</dd>"
rs185613146	"<dd>
<div class=""gray"">None</div>
</dd>"
rs62234038	"<dd>
<div class=""gray"">None</div>
</dd>"
rs143258541	"<dd>
<div class=""gray"">None</div>
</dd>"
rs73891186	"<dd>
<div class=""gray"">None</div>
</dd>"
rs73181183	"<dd>
<div class=""gray"">None</div>
</dd>"
rs145537167	"<dd>
<div class=""gray"">None</div>
</dd>"
rs73445912	"<dd>
<div class=""gray"">None</div>
</dd>"
rs148851336	"<dd>
<div class=""gray"">None</div>
</dd>"
rs143527493	"<dd>
<div class=""gray"">None</div>
</dd>"
rs76580151	"<dd>
<div class=""gray"">None</div>
</dd>"
rs79187286	"<dd>
<div class=""gray"">None</div>
</dd>"
rs190075545	"<dd>
<div class=""gray"">None</div>
</dd>"
rs192909157	"<dd>
<div class=""gray"">None</div>
</dd>"
rs112561154	"<dd>
<div class=""gray"">None</div>
</dd>"
rs150987285	"<dd>
<div class=""gray"">None</div>
</dd>"
rs185472135	"<dd>
<div class=""gray"">None</div>
</dd>"
rs189522864	"<dd>
<div class=""gray"">None</div>
</dd>"
rs116523211	"<dd>
<div class=""gray"">None</div>
</dd>"
rs73891187	"<dd>
<div class=""gray"">None</div>
</dd>"
rs142241681	"<dd>
<div class=""gray"">None</div>
</dd>"
rs181377153	"<dd>
<div class=""gray"">None</div>
</dd>"
rs28538803	"<dd>
<div class=""gray"">None</div>
</dd>"
rs77780899	"<dd>
<div class=""gray"">None</div>
</dd>"
rs117788285	"<dd>
<div class=""gray"">None</div>
</dd>"
rs116228107	"<dd>
<div class=""gray"">None</div>
</dd>"
rs185220275	"<dd>
<div class=""gray"">None</div>
</dd>"
rs62234039	"<dd>
<div class=""gray"">None</div>
</dd>"
rs150940149	"<dd>
<div class=""gray"">None</div>
</dd>"
rs148920752	"<dd>
<div class=""gray"">None</div>
</dd>"
rs143055323	"<dd>
<div class=""gray"">None</div>
</dd>"
rs28674877	"<dd>
<div class=""gray"">None</div>
</dd>"
rs188363356	"<dd>
<div class=""gray"">None</div>
</dd>"
rs150404203	"<dd>
<div class=""gray"">None</div>
</dd>"
rs28708719	"<dd>
<div class=""gray"">None</div>
</dd>"
rs28371002	"<dd>
<div class=""gray"">None</div>
</dd>"
rs144323540	"<dd>
<div class=""gray"">None</div>
</dd>"
rs112799761	"<dd>
<div class=""gray"">None</div>
</dd>"
rs144036124	"<dd>
<div class=""gray"">None</div>
</dd>"
rs144601463	"<dd>
<div class=""gray"">None</div>
</dd>"
rs138248257	"<dd>
<div class=""gray"">None</div>
</dd>"
rs187219498	"<dd>
<div class=""gray"">None</div>
</dd>"
rs28656206	"<dd>
<div class=""gray"">None</div>
</dd>"
rs28706100	"<dd>
<div class=""gray"">None</div>
</dd>"
rs146857038	"<dd>
<div class=""gray"">None</div>
</dd>"
rs191653254	"<dd>
<div class=""gray"">None</div>
</dd>"
rs114964457	"<dd>
<div class=""gray"">None</div>
</dd>"
rs183429568	"<dd>
<div class=""gray"">None</div>
</dd>"
rs28450490	"<dd>
<div class=""gray"">None</div>
</dd>"
rs187134696	"<dd>
<div class=""gray"">None</div>
</dd>"
rs190045217	"<dd>
<div class=""gray"">None</div>
</dd>"
rs28649563	"<dd>
<div class=""gray"">None</div>
</dd>"
rs182637561	"<dd>
<div class=""gray"">None</div>
</dd>"
rs28735451	"<dd>
<div class=""gray"">None</div>
</dd>"
rs28630830	"<dd>
<div class=""gray"">None</div>
</dd>"
rs191312624	"<dd>
<div class=""gray"">None</div>
</dd>"
rs73445914	"<dd>
<div class=""gray"">None</div>
</dd>"
rs183866774	"<dd>
<div class=""gray"">None</div>
</dd>"
rs116912523	"<dd>
<div class=""gray"">None</div>
</dd>"
rs188760821	"<dd>
<div class=""gray"">None</div>
</dd>"
rs28488933	"<dd>
<div class=""gray"">None</div>
</dd>"
rs142193313	"<dd>
<div class=""gray"">None</div>
</dd>"
rs28738752	"<dd>
<div class=""gray"">None</div>
</dd>"
rs62231866	"<dd>
<div class=""gray"">None</div>
</dd>"
rs28494124	"<dd>
<div class=""gray"">None</div>
</dd>"
rs28633521	"<dd>
<div class=""gray"">None</div>
</dd>"
rs142553532	"<dd>
<div class=""gray"">None</div>
</dd>"
rs28628026	"<dd>
<div class=""gray"">None</div>
</dd>"
rs28657627	"<dd>
<div class=""gray"">None</div>
</dd>"
rs118017608	"<dd>
<div class=""gray"">None</div>
</dd>"
rs28546608	"<dd>
<div class=""gray"">None</div>
</dd>"
rs193291200	"<dd>
<div class=""gray"">None</div>
</dd>"
rs185097681	"<dd>
<div class=""gray"">None</div>
</dd>"
rs140407927	"<dd>
<div class=""gray"">None</div>
</dd>"
rs28488800	"<dd>
<div class=""gray"">None</div>
</dd>"
rs28615133	"<dd>
<div class=""gray"">None</div>
</dd>"
rs191675815	"<dd>
<div class=""gray"">None</div>
</dd>"
rs28421960	"<dd>
<div class=""gray"">None</div>
</dd>"
rs28687940	"<dd>
<div class=""gray"">None</div>
</dd>"
rs75568100	"<dd>
<div class=""gray"">None</div>
</dd>"
rs188133671	"<dd>
<div class=""gray"">None</div>
</dd>"
rs144369937	"<dd>
<div class=""gray"">None</div>
</dd>"
rs117933597	"<dd>
<div class=""gray"">None</div>
</dd>"
rs180881973	"<dd>
<div class=""gray"">None</div>
</dd>"
rs184679688	"<dd>
<div class=""gray"">None</div>
</dd>"
rs116627200	"<dd>
<div class=""gray"">None</div>
</dd>"
rs141409648	"<dd>
<div class=""gray"">None</div>
</dd>"
rs58578678	"<dd>
<div class=""gray"">None</div>
</dd>"
rs190351159	"<dd>
<div class=""gray"">None</div>
</dd>"
rs149964902	"<dd>
<div class=""gray"">None</div>
</dd>"
rs62231868	"<dd>
<div class=""gray"">None</div>
</dd>"
rs118108557	"<dd>
<div class=""gray"">None</div>
</dd>"
rs115877880	"<dd>
<div class=""gray"">None</div>
</dd>"
rs182529258	"<dd>
<div class=""gray"">None</div>
</dd>"
rs112785035	"<dd>
<div class=""gray"">None</div>
</dd>"
rs62231869	"<dd>
<div class=""gray"">None</div>
</dd>"
rs73445922	"<dd>
<div class=""gray"">None</div>
</dd>"
rs59918156	"<dd>
<div class=""gray"">None</div>
</dd>"
rs28637115	"<dd>
<div class=""gray"">None</div>
</dd>"
rs149149537	"<dd>
<div class=""gray"">None</div>
</dd>"
rs28573373	"<dd>
<div class=""gray"">None</div>
</dd>"
rs138841304	"<dd>
<div class=""gray"">None</div>
</dd>"
rs190590790	"<dd>
<div class=""gray"">None</div>
</dd>"
rs28563039	"<dd>
<div class=""gray"">None</div>
</dd>"
rs116714893	"<dd>
<div class=""gray"">None</div>
</dd>"
rs140615504	"<dd>
<div class=""gray"">None</div>
</dd>"
rs73181189	"<dd>
<div class=""gray"">None</div>
</dd>"
rs145760337	"<dd>
<div class=""gray"">None</div>
</dd>"
rs181052780	"<dd>
<div class=""gray"">None</div>
</dd>"
rs185477551	"<dd>
<div class=""gray"">None</div>
</dd>"
rs114465538	"<dd>
<div class=""gray"">None</div>
</dd>"
rs114788610	"<dd>
<div class=""gray"">None</div>
</dd>"
rs138431228	"<dd>
<div class=""gray"">None</div>
</dd>"
rs141992522	"<dd>
<div class=""gray"">None</div>
</dd>"
rs150701233	"<dd>
<div class=""gray"">None</div>
</dd>"
rs190289892	"<dd>
<div class=""gray"">None</div>
</dd>"
rs117800401	"<dd>
<div class=""gray"">None</div>
</dd>"
rs182536017	"<dd>
<div class=""gray"">None</div>
</dd>"
rs111700120	"<dd>
<div class=""gray"">None</div>
</dd>"
rs113491012	"<dd>
<div class=""gray"">None</div>
</dd>"
rs147142902	"<dd>
<div class=""gray"">None</div>
</dd>"
rs74567522	"<dd>
<div class=""gray"">None</div>
</dd>"
rs187993637	"<dd>
<div class=""gray"">None</div>
</dd>"
rs191881272	"<dd>
<div class=""gray"">None</div>
</dd>"
rs140364780	"<dd>
<div class=""gray"">None</div>
</dd>"
rs184124820	"<dd>
<div class=""gray"">None</div>
</dd>"
rs73891192	"<dd>
<div class=""gray"">None</div>
</dd>"
rs28698197	"<dd>
<div class=""gray"">None</div>
</dd>"
rs28432350	"<dd>
<div class=""gray"">None</div>
</dd>"
rs28374076	"<dd>
<div class=""gray"">None</div>
</dd>"
rs115454581	"<dd>
<div class=""gray"">None</div>
</dd>"
rs115537573	"<dd>
<div class=""gray"">None</div>
</dd>"
rs144329813	"<dd>
<div class=""gray"">None</div>
</dd>"
rs28702070	"<dd>
<div class=""gray"">None</div>
</dd>"
rs114834160	"<dd>
<div class=""gray"">None</div>
</dd>"
rs28705208	"<dd>
<div class=""gray"">None</div>
</dd>"
rs147399798	"<dd>
<div class=""gray"">None</div>
</dd>"
rs78452692	"<dd>
<div class=""gray"">None</div>
</dd>"
rs73445933	"<dd>
<div class=""gray"">None</div>
</dd>"
rs28433066	"<dd>
<div class=""gray"">None</div>
</dd>"
rs75545167	"<dd>
<div class=""gray"">None</div>
</dd>"
rs148465134	"<dd>
<div class=""gray"">None</div>
</dd>"
rs66473461	"<dd>
<div class=""gray"">None</div>
</dd>"
rs142684404	"<dd>
<div class=""gray"">None</div>
</dd>"
rs73891193	"<dd>
<div class=""gray"">None</div>
</dd>"
rs73445937	"<dd>
<div class=""gray"">None</div>
</dd>"
rs79543706	"<dd>
<div class=""gray"">None</div>
</dd>"
rs62231870	"<dd>
<div class=""gray"">None</div>
</dd>"
rs114961787	"<dd>
<div class=""gray"">None</div>
</dd>"
rs187396396	"<dd>
<div class=""gray"">None</div>
</dd>"
rs28479081	"<dd>
<div class=""gray"">None</div>
</dd>"
rs151022007	"<dd>
<div class=""gray"">None</div>
</dd>"
rs77618678	"<dd>
<div class=""gray"">None</div>
</dd>"
rs192202023	"<dd>
<div class=""gray"">None</div>
</dd>"
rs56091001	"<dd>
<div class=""gray"">None</div>
</dd>"
rs77808384	"<dd>
<div class=""gray"">None</div>
</dd>"
rs79187414	"<dd>
<div class=""gray"">None</div>
</dd>"
rs113924912	"<dd>
<div class=""gray"">None</div>
</dd>"
rs183989438	"<dd>
<div class=""gray"">None</div>
</dd>"
rs146790808	"<dd>
<div class=""gray"">None</div>
</dd>"
rs140585154	"<dd>
<div class=""gray"">None</div>
</dd>"
rs112350508	"<dd>
<div class=""gray"">None</div>
</dd>"
rs187175617	"<dd>
<div class=""gray"">None</div>
</dd>"
rs192998017	"<dd>
<div class=""gray"">None</div>
</dd>"
rs184262837	"<dd>
<div class=""gray"">None</div>
</dd>"
rs72619587	"<dd>
<div class=""gray"">None</div>
</dd>"
rs4076031	"<dd>
<div class=""gray"">None</div>
</dd>"
rs145721377	"<dd>
<div class=""gray"">None</div>
</dd>"
rs138402217	"<dd>
<div class=""gray"">None</div>
</dd>"
rs149202138	"<dd>
<div class=""gray"">None</div>
</dd>"
rs77282399	"<dd>
<div class=""gray"">None</div>
</dd>"
rs28523622	"<dd>
<div class=""gray"">None</div>
</dd>"
rs189570916	"<dd>
<div class=""gray"">None</div>
</dd>"
rs143343891	"<dd>
<div class=""gray"">None</div>
</dd>"
rs181990836	"<dd>
<div class=""gray"">None</div>
</dd>"
rs112599197	"<dd>
<div class=""gray"">None</div>
</dd>"
rs116591793	"<dd>
<div class=""gray"">None</div>
</dd>"
rs114327817	"<dd>
<div class=""gray"">None</div>
</dd>"
rs147132859	"<dd>
<div class=""gray"">None</div>
</dd>"
rs57124337	"<dd>
<div class=""gray"">None</div>
</dd>"
rs28634968	"<dd>
<div class=""gray"">None</div>
</dd>"
rs184763625	"<dd>
<div class=""gray"">None</div>
</dd>"
rs142744986	"<dd>
<div class=""gray"">None</div>
</dd>"
rs28360566	"<dd>
<div class=""gray"">None</div>
</dd>"
rs28570255	"<dd>
<div class=""gray"">None</div>
</dd>"
rs28678469	"<dd>
<div class=""gray"">None</div>
</dd>"
rs188750741	"<dd>
<div class=""gray"">None</div>
</dd>"
rs28594814	"<dd>
<div class=""gray"">None</div>
</dd>"
rs28461928	"<dd>
<div class=""gray"">None</div>
</dd>"
rs28672185	"<dd>
<div class=""gray"">None</div>
</dd>"
rs75601224	"<dd>
<div class=""gray"">None</div>
</dd>"
rs147389700	"<dd>
<div class=""gray"">None</div>
</dd>"
rs28630024	"<dd>
<div class=""gray"">None</div>
</dd>"
rs181545209	"<dd>
<div class=""gray"">None</div>
</dd>"
rs117740434	"<dd>
<div class=""gray"">None</div>
</dd>"
rs73891195	"<dd>
<div class=""gray"">None</div>
</dd>"
rs115517423	"<dd>
<div class=""gray"">None</div>
</dd>"
rs149918205	"<dd>
<div class=""gray"">None</div>
</dd>"
rs116050251	"<dd>
<div class=""gray"">None</div>
</dd>"
rs28567061	"<dd>
<div class=""gray"">None</div>
</dd>"
rs116505878	"<dd>
<div class=""gray"">None</div>
</dd>"
rs62231871	"<dd>
<div class=""gray"">None</div>
</dd>"
rs76694993	"<dd>
<div class=""gray"">None</div>
</dd>"
rs186022042	"<dd>
<div class=""gray"">None</div>
</dd>"
rs190034919	"<dd>
<div class=""gray"">None</div>
</dd>"
rs75842190	"<dd>
<div class=""gray"">None</div>
</dd>"
rs77748532	"<dd>
<div class=""gray"">None</div>
</dd>"
rs144046358	"<dd>
<div class=""gray"">None</div>
</dd>"
rs148680925	"<dd>
<div class=""gray"">None</div>
</dd>"
rs28649122	"<dd>
<div class=""gray"">None</div>
</dd>"
rs143503312	"<dd>
<div class=""gray"">None</div>
</dd>"
rs146780488	"<dd>
<div class=""gray"">None</div>
</dd>"
rs139550405	"<dd>
<div class=""gray"">None</div>
</dd>"
rs76823334	"<dd>
<div class=""gray"">None</div>
</dd>"
rs181495594	"<dd>
<div class=""gray"">None</div>
</dd>"
rs185835427	"<dd>
<div class=""gray"">None</div>
</dd>"
rs191082905	"<dd>
<div class=""gray"">None</div>
</dd>"
rs28449609	"<dd>
<div class=""gray"">None</div>
</dd>"
rs146590647	"<dd>
<div class=""gray"">None</div>
</dd>"
rs183682510	"<dd>
<div class=""gray"">None</div>
</dd>"
rs140996294	"<dd>
<div class=""gray"">None</div>
</dd>"
rs145825182	"<dd>
<div class=""gray"">None</div>
</dd>"
rs28629257	"<dd>
<div class=""gray"">None</div>
</dd>"
rs73891197	"<dd>
<div class=""gray"">None</div>
</dd>"
rs147123840	"<dd>
<div class=""gray"">None</div>
</dd>"
rs138652799	"<dd>
<div class=""gray"">None</div>
</dd>"
rs73891199	"<dd>
<div class=""gray"">None</div>
</dd>"
rs142724185	"<dd>
<div class=""gray"">None</div>
</dd>"
rs187914236	"<dd>
<div class=""gray"">None</div>
</dd>"
rs191227492	"<dd>
<div class=""gray"">None</div>
</dd>"
rs183017678	"<dd>
<div class=""gray"">None</div>
</dd>"
rs73891200	"<dd>
<div class=""gray"">None</div>
</dd>"
rs146931342	"<dd>
<div class=""gray"">None</div>
</dd>"
rs74844806	"<dd>
<div class=""gray"">None</div>
</dd>"
rs147996309	"<dd>
<div class=""gray"">None</div>
</dd>"
rs192638557	"<dd>
<div class=""gray"">None</div>
</dd>"
rs183363692	"<dd>
<div class=""gray"">None</div>
</dd>"
rs73891201	"<dd>
<div class=""gray"">None</div>
</dd>"
rs187489388	"<dd>
<div class=""gray"">None</div>
</dd>"
rs192717744	"<dd>
<div class=""gray"">None</div>
</dd>"
rs141689586	"<dd>
<div class=""gray"">None</div>
</dd>"
rs115882421	"<dd>
<div class=""gray"">None</div>
</dd>"
rs28372448	"<dd>
<div class=""gray"">None</div>
</dd>"
rs150554147	"<dd>
<div class=""gray"">None</div>
</dd>"
rs183790250	"<dd>
<div class=""gray"">None</div>
</dd>"
rs189287089	"<dd>
<div class=""gray"">None</div>
</dd>"
rs139584334	"<dd>
<div class=""gray"">None</div>
</dd>"
rs113671802	"<dd>
<div class=""gray"">None</div>
</dd>"
rs141833437	"<dd>
<div class=""gray"">None</div>
</dd>"
rs28588136	"<dd>
<div class=""gray"">None</div>
</dd>"
rs28595234	"<dd>
<div class=""gray"">None</div>
</dd>"
rs112055764	"<dd>
<div class=""gray"">None</div>
</dd>"
rs192638926	"<dd>
<div class=""gray"">None</div>
</dd>"
rs77424935	"<dd>
<div class=""gray"">None</div>
</dd>"
rs28634677	"<dd>
<div class=""gray"">None</div>
</dd>"
rs28695790	"<dd>
<div class=""gray"">None</div>
</dd>"
rs184251513	"<dd>
<div class=""gray"">None</div>
</dd>"
rs116976488	"<dd>
<div class=""gray"">None</div>
</dd>"
rs75386820	"<dd>
<div class=""gray"">None</div>
</dd>"
rs114388503	"<dd>
<div class=""gray"">None</div>
</dd>"
rs144181764	"<dd>
<div class=""gray"">None</div>
</dd>"
rs78596046	"<dd>
<div class=""gray"">None</div>
</dd>"
rs77981919	"<dd>
<div class=""gray"">None</div>
</dd>"
rs80182829	"<dd>
<div class=""gray"">None</div>
</dd>"
rs28681372	"<dd>
<div class=""gray"">None</div>
</dd>"
rs112450693	"<dd>
<div class=""gray"">None</div>
</dd>"
rs145203090	"<dd>
<div class=""gray"">None</div>
</dd>"
rs148736378	"<dd>
<div class=""gray"">None</div>
</dd>"
rs142365748	"<dd>
<div class=""gray"">None</div>
</dd>"
rs115035933	"<dd>
<div class=""gray"">None</div>
</dd>"
rs181144896	"<dd>
<div class=""gray"">None</div>
</dd>"
rs151297029	"<dd>
<div class=""gray"">None</div>
</dd>"
rs112412425	"<dd>
<span>PIM3 : 2KB Upstream Variant</span>
</dd>"
rs186588592	"<dd>
<span>PIM3 : 2KB Upstream Variant</span>
</dd>"
rs28496728	"<dd>
<span>PIM3 : 2KB Upstream Variant</span>
</dd>"
rs188995490	"<dd>
<span>PIM3 : 2KB Upstream Variant</span>
</dd>"
rs147733696	"<dd>
<span>PIM3 : 2KB Upstream Variant</span>
</dd>"
rs142646396	"<dd>
<span>PIM3 : 2KB Upstream Variant</span>
</dd>"
rs28639866	"<dd>
<span>PIM3 : 2KB Upstream Variant</span>
</dd>"
rs111736848	"<dd>
<span>PIM3 : 2KB Upstream Variant</span>
</dd>"
rs79350378	"<dd>
<span>PIM3 : 2KB Upstream Variant</span>
</dd>"
rs137924902	"<dd>
<span>PIM3 : 2KB Upstream Variant</span>
</dd>"
rs149477517	"<dd>
<span>PIM3 : 2KB Upstream Variant</span>
</dd>"
rs28587994	"<dd>
<span>PIM3 : 2KB Upstream Variant</span>
</dd>"
rs111263346	"<dd>
<span>PIM3 : 2KB Upstream Variant</span>
</dd>"
rs28691260	"<dd>
<span>PIM3 : 2KB Upstream Variant</span>
</dd>"
rs141795854	"<dd>
<span>PIM3 : 2KB Upstream Variant</span>
</dd>"
rs146243893	"<dd>
<span>PIM3 : 2KB Upstream Variant</span>
</dd>"
rs115020253	"<dd>
<span>PIM3 : 2KB Upstream Variant</span>
</dd>"
rs115729137	"<dd>
<span>PIM3 : 2KB Upstream Variant</span>
</dd>"
rs28465520	"<dd>
<span>PIM3 : 2KB Upstream Variant</span>
</dd>"
rs56150947	"<dd>
<span>PIM3 : 2KB Upstream Variant</span>
</dd>"
rs180876551	"<dd>
<span>PIM3 : 2KB Upstream Variant</span>
</dd>"
rs139375983	"<dd>
<span>PIM3 : 2KB Upstream Variant</span>
</dd>"
rs28424067	"<dd>
<span>PIM3 : 2KB Upstream Variant</span>
</dd>"
rs28375915	"<dd>
<span>PIM3 : 2KB Upstream Variant</span>
</dd>"
rs111752560	"<dd>
<span>PIM3 : 2KB Upstream Variant</span>
</dd>"
rs185484423	"<dd>
<span>PIM3 : 2KB Upstream Variant</span>
</dd>"
rs150609497	"<dd>
<div>PIM3 : 5 Prime UTR Variant</div><span>MIR6821 : 2KB Upstream Variant</span>
</dd>"
rs11541025	"<dd>
<div>PIM3 : Synonymous Variant</div><span>MIR6821 : 2KB Upstream Variant</span>
</dd>"
rs117609476	"<dd>
<div>PIM3 : Intron Variant</div><span>MIR6821 : 2KB Upstream Variant</span>
</dd>"
rs190982104	"<dd>
<div>PIM3 : Intron Variant</div><span>MIR6821 : 2KB Upstream Variant</span>
</dd>"
rs183504919	"<dd>
<div>PIM3 : Intron Variant</div><span>MIR6821 : 2KB Upstream Variant</span>
</dd>"
rs149796855	"<dd>
<div>PIM3 : Intron Variant</div><span>MIR6821 : 2KB Upstream Variant</span>
</dd>"
rs28645887	"<dd>
<div>PIM3 : Intron Variant</div><span>MIR6821 : 2KB Upstream Variant</span>
</dd>"
rs28691713	"<dd>
<div>PIM3 : Intron Variant</div><span>MIR6821 : 2KB Upstream Variant</span>
</dd>"
rs144759588	"<dd>
<div>PIM3 : Synonymous Variant</div><span>MIR6821 : 2KB Upstream Variant</span>
</dd>"
rs139983531	"<dd>
<div>PIM3 : Missense Variant</div><span>MIR6821 : 2KB Upstream Variant</span>
</dd>"
rs145509761	"<dd>
<div>MIR6821 : Non Coding Transcript Variant</div><span>PIM3 : Intron Variant</span>
</dd>"
rs4078443	"<dd>
<div>MIR6821 : Non Coding Transcript Variant</div><span>PIM3 : Intron Variant</span>
</dd>"
rs4077129	"<dd>
<div>PIM3 : Missense Variant</div><span>MIR6821 : 500B Downstream Variant</span>
</dd>"
rs185984395	"<dd>
<div>PIM3 : 3 Prime UTR Variant</div><span>MIR6821 : 500B Downstream Variant</span>
</dd>"
rs1801645	"<dd>
<div>PIM3 : 3 Prime UTR Variant</div><span>MIR6821 : 500B Downstream Variant</span>
</dd>"
rs191945241	"<dd>
<div>PIM3 : 3 Prime UTR Variant</div><span>MIR6821 : 500B Downstream Variant</span>
</dd>"
rs182810778	"<dd>
<div>PIM3 : 3 Prime UTR Variant</div><span>MIR6821 : 500B Downstream Variant</span>
</dd>"
rs188247486	"<dd>
<div>PIM3 : 3 Prime UTR Variant</div><span>MIR6821 : 500B Downstream Variant</span>
</dd>"
rs147722938	"<dd>
<div>PIM3 : 3 Prime UTR Variant</div><span>MIR6821 : 500B Downstream Variant</span>
</dd>"
rs114320081	"<dd>
<div>PIM3 : 3 Prime UTR Variant</div><span>MIR6821 : 500B Downstream Variant</span>
</dd>"
rs192783206	"<dd>
<div>PIM3 : 3 Prime UTR Variant</div><span>MIR6821 : 500B Downstream Variant</span>
</dd>"
rs114867023	"<dd>
<span>PIM3 : 3 Prime UTR Variant</span>
</dd>"
rs182147507	"<dd>
<span>PIM3 : 3 Prime UTR Variant</span>
</dd>"
rs186743459	"<dd>
<span>PIM3 : 3 Prime UTR Variant</span>
</dd>"
rs13811	"<dd>
<span>PIM3 : 3 Prime UTR Variant</span>
</dd>"
rs192375647	"<dd>
<span>PIM3 : 3 Prime UTR Variant</span>
</dd>"
rs184757057	"<dd>
<span>PIM3 : 3 Prime UTR Variant</span>
</dd>"
rs142470900	"<dd>
<span>PIM3 : 3 Prime UTR Variant</span>
</dd>"
rs117325373	"<dd>
<span>PIM3 : 3 Prime UTR Variant</span>
</dd>"
rs150927168	"<dd>
<span>PIM3 : 3 Prime UTR Variant</span>
</dd>"
rs189822817	"<dd>
<span>PIM3 : 3 Prime UTR Variant</span>
</dd>"
rs114714112	"<dd>
<span>PIM3 : 500B Downstream Variant</span>
</dd>"
rs116555962	"<dd>
<span>PIM3 : 500B Downstream Variant</span>
</dd>"
rs193159516	"<dd>
<span>PIM3 : 500B Downstream Variant</span>
</dd>"
rs29001615	"<dd>
<span>PIM3 : 500B Downstream Variant</span>
</dd>"
rs73891202	"<dd>
<div class=""gray"">None</div>
</dd>"
rs75763440	"<dd>
<div class=""gray"">None</div>
</dd>"
rs185363007	"<dd>
<div class=""gray"">None</div>
</dd>"
rs189819551	"<dd>
<div class=""gray"">None</div>
</dd>"
rs150113181	"<dd>
<div class=""gray"">None</div>
</dd>"
rs138554306	"<dd>
<div class=""gray"">None</div>
</dd>"
